Artist ID,Artists,Streams
1,"J Balvin, Pharrell Williams, BIA, Sky Rompiendo",5169090
2,"IAmChino, Pitbull, Yandel, El Chacal",4855038
3,"Riton, Nightcrawlers, Mufasa & Hypeman, Dopamine",9277029
4,"Joel Corry, Jax Jones, Charli XCX, Saweetie",8591860
5,"Jasleen Royal, B Praak, Romy, Anvita Dutt",7045385
6,"Internet Money, Gunna, Don Toliver, NAV",5828495
7,"Major Lazer, Travis Scott, Camila Cabello, Quavo",12215299
8,"Calvin Harris, Future, Khalid, Funk Wav",10221341
9,"Chris Jedi, J Balvin, Ozuna, Arcángel",9476847
10,"2 Chainz, Ty Dolla $ign, Trey Songz, Jhené Aiko",4337366
11,"J Balvin, Pharrell Williams, BIA, Sky Rompiendo",3298434
12,"Joel Corry, Jax Jones, Charli XCX, Saweetie",9098393
13,"Riton, Nightcrawlers, Mufasa & Hypeman, Dopamine",8652845
14,"Jasleen Royal, B Praak, Romy, Anvita Dutt",6254534
15,"Internet Money, Gunna, Don Toliver, NAV",5806510
16,"Riton, Nightcrawlers, Mufasa & Hypeman, Dopamine",15479076
17,"Tyler, The Creator, YoungBoy Never Broke Again, Ty Dolla $ign",7159401
18,"Internet Money, Gunna, Don Toliver, NAV",6807059
19,"BANDIDO, Duki, Rei, Tiago PZK",6306995
20,"Mc Davi, Mc Pedrinho, Mc Don Juan, DJ 900",5744691
21,"Internet Money, Gunna, Don Toliver, Lil Uzi Vert",5146943
22,"Major Lazer, Travis Scott, Camila Cabello, Quavo",11546893
23,"Chris Jedi, J Balvin, Ozuna, Arcángel",8982314
24,"Calvin Harris, Future, Khalid, Funk Wav",8658730
25,"J Balvin, Pharrell Williams, BIA, Sky Rompiendo",3690884
26,"IAmChino, Pitbull, Yandel, El Chacal",3474156
27,"benny blanco, Selena Gomez, J Balvin, Tainy",14739772
28,"DJ Snake, Selena Gomez, Ozuna, Cardi B",13010600
29,"XXXTENTACION, Lil Pump, Swae Lee, Maluma",5587805
30,"Sia, Diplo, Labrinth, LSD",5419730
31,"Tropkillaz, J Balvin, Anitta, ZAAC",5416641
32,"ChocQuibTown, Zion & Lennox, Farruko, Manuel Turizo",5208827
33,"Hailee Steinfeld, Alesso, Florida Georgia Line, WATT",14451000
34,"Martin Garrix, David Guetta, Jamie Scott, Romy Dya",9737043
35,"Alan Walker, Noah Cyrus, Digital Farm Animals, Juliander",7395264
36,"Jay Rock, Kendrick Lamar, Future, James Blake",5528969
37,"Rudimental, Jess Glynne, Macklemore, Dan Caplen",5150409
38,"David Guetta, AFROJACK, Charli XCX, French Montana",4050077
39,"Chris Jedi, J Balvin, Ozuna, Arcángel",3949747
40,"21 Savage, Offset, Metro Boomin, Travis Scott",3801938
41,"Riton, Nightcrawlers, Mufasa & Hypeman, Dopamine",18035989
42,"Young Stoner Life, Young Thug, Gunna, Drake",13132162
43,"Internet Money, Gunna, Don Toliver, NAV",9904699
44,"Young Stoner Life, Young Thug, Gunna, Travis Scott",7515766
45,"J Balvin, Dua Lipa, Bad Bunny, Tainy",6262911
46,"Macklemore & Ryan Lewis, Macklemore, Ryan Lewis, Ray Dalton",5230720
47,"Pablito Pesadilla, Polimá Westcoast, Nickoog Clk, Fran C",10678029
48,"Imagine Dragons, JID, Arcane, League of Legends",8901586
49,"Macklemore & Ryan Lewis, Macklemore, Ryan Lewis, Ray Dalton",6841096
50,"Riton, Nightcrawlers, Mufasa & Hypeman, Dopamine",13219250
51,"Internet Money, Gunna, Don Toliver, NAV",11150856
52,"J Balvin, Dua Lipa, Bad Bunny, Tainy",6983654
53,"Chris Jedi, J Balvin, Ozuna, Arcángel",5803385
54,"Calvin Harris, Young Thug, Pharrell Williams, Ariana Grande",4840593
55,"IAmChino, Pitbull, Yandel, El Chacal",4717360
56,"J Balvin, Pharrell Williams, BIA, Sky Rompiendo",4175376
57,"Major Lazer, Travis Scott, Camila Cabello, Quavo",7383655
58,"Chris Jedi, J Balvin, Ozuna, Arcángel",7041209
59,"2 Chainz, Ty Dolla $ign, Trey Songz, Jhené Aiko",4846845
60,"Dimitri Vegas & Like Mike, David Guetta, Dimitri Vegas, Kiiara",3827822
61,"Calvin Harris, Future, Khalid, Funk Wav",3353542
62,"Calvin Harris, Future, Khalid, Funk Wav",10641464
63,"Chris Jedi, J Balvin, Ozuna, Arcángel",8466267
64,"J Balvin, Pharrell Williams, BIA, Sky Rompiendo",3924205
65,"IAmChino, Pitbull, Yandel, El Chacal",3656447
66,"Calvin Harris, Young Thug, Pharrell Williams, Ariana Grande",5303275
67,"IAmChino, Pitbull, Yandel, El Chacal",4465347
68,"Chris Jedi, J Balvin, Ozuna, Arcángel",4295204
69,"J Balvin, Pharrell Williams, BIA, Sky Rompiendo",4073470
70,"Young Thug, 2 Chainz, Wiz Khalifa, PnB Rock",3085640
71,"Major Lazer, Khalid, Death Stranding: Timefall, Diplo",10005477
72,"French Montana, Rvssian, Post Malone, Cardi B",6597128
73,"DJ Snake, Selena Gomez, Ozuna, Cardi B",4912652
74,"Noriel, Myke Towers, Rauw Alejandro, Almighty",4772708
75,"Internet Money, Gunna, Don Toliver, NAV",29922386
76,"J Balvin, Dua Lipa, Bad Bunny, Tainy",13039611
77,"Jack Harlow, Tory Lanez, DaBaby, Lil Wayne",7590328
78,"Riton, Nightcrawlers, Mufasa & Hypeman, Dopamine",18032506
79,"Mc Davi, Mc Pedrinho, Mc Don Juan, DJ 900",7973785
80,"Internet Money, Gunna, Don Toliver, NAV",7872386
81,"Young Stoner Life, Young Thug, Gunna, Drake",5583650
82,"J Balvin, Dua Lipa, Bad Bunny, Tainy",5483442
83,"Macklemore & Ryan Lewis, Macklemore, Ryan Lewis, Ray Dalton",5280049
84,"Rauw Alejandro, Dalex, Lenny Tavárez, Dímelo Flow",6463281
85,"G Herbo, Lil Uzi Vert, Juice WRLD, Chance the Rapper",5372746
86,"Polo G, Stunna 4 Vegas, NLE Choppa, Mike WiLL Made-It",4244510
87,"Hailee Steinfeld, Alesso, Florida Georgia Line, WATT",14468450
88,"Martin Garrix, David Guetta, Jamie Scott, Romy Dya",9642416
89,"Alan Walker, Noah Cyrus, Digital Farm Animals, Juliander",7941779
90,"Jay Rock, Kendrick Lamar, Future, James Blake",4936937
91,"21 Savage, Offset, Metro Boomin, Travis Scott",4377336
92,"Chris Jedi, J Balvin, Ozuna, Arcángel",4221563
93,"David Guetta, AFROJACK, Charli XCX, French Montana",4186165
94,"Imagine Dragons, JID, Arcane, League of Legends",9362278
95,"Chris Jedi, Anuel AA, Chencho Corleone, Ñengo Flow",9277001
96,"Calvin Harris, Justin Timberlake, Halsey, Pharrell Williams",6252400
97,"Macklemore & Ryan Lewis, Macklemore, Ryan Lewis, Ray Dalton",6144243
98,"Imagine Dragons, JID, Arcane, League of Legends",8585931
99,"Macklemore & Ryan Lewis, Macklemore, Ryan Lewis, Ray Dalton",7872289
100,"MC K.K, Dj TG Beats, Dj Aurélio, MC Lipivox",6713237
101,"Sebastian Yatra, Daddy Yankee, NATTI NATASHA, Jonas Brothers",7393624
102,"DJ Snake, Selena Gomez, Ozuna, Cardi B",6026831
103,"Mustard, NAV, Playboi Carti, A Boogie Wit da Hoodie",5174402
104,"Rudimental, Jess Glynne, Macklemore, Dan Caplen",15193023
105,"Rae Sremmurd, Swae Lee, Slim Jxmmi, Juicy J",9045615
106,"Sia, Diplo, Labrinth, LSD",7864103
107,"Jay Rock, Kendrick Lamar, Future, James Blake",6323270
108,"Daddy Yankee, NATTI NATASHA, Becky G, Bad Bunny",6295292
109,"Hailee Steinfeld, Alesso, Florida Georgia Line, WATT",6190249
110,"Rae Sremmurd, Swae Lee, Slim Jxmmi, Travis Scott",6043525
111,"Internet Money, Gunna, Don Toliver, NAV",16099376
112,"J Balvin, Dua Lipa, Bad Bunny, Tainy",7393995
113,"Jack Harlow, Tory Lanez, DaBaby, Lil Wayne",5556247
114,"Brent Faiyaz, Dahi, Tyler, The Creator",5136895
115,"Internet Money, Gunna, Don Toliver, NAV",17011524
116,"J Balvin, Dua Lipa, Bad Bunny, Tainy",7714034
117,"Jack Harlow, Tory Lanez, DaBaby, Lil Wayne",5573507
118,"Imagine Dragons, JID, Arcane, League of Legends",8936754
119,"Chris Jedi, Anuel AA, Chencho Corleone, Ñengo Flow",8152714
120,"Macklemore & Ryan Lewis, Macklemore, Ryan Lewis, Ray Dalton",6232477
121,"Hailee Steinfeld, Alesso, Florida Georgia Line, WATT",12717970
122,"Martin Garrix, David Guetta, Jamie Scott, Romy Dya",7675768
123,"Alan Walker, Noah Cyrus, Digital Farm Animals, Juliander",7136391
124,"21 Savage, Offset, Metro Boomin, Travis Scott",5282781
125,"David Guetta, AFROJACK, Charli XCX, French Montana",4951830
126,"Chris Jedi, J Balvin, Ozuna, Arcángel",4699675
127,"Imagine Dragons, JID, Arcane, League of Legends",13884842
128,"Pharrell Williams, 21 Savage, Tyler, The Creator",10861075
129,"Chris Jedi, Anuel AA, Chencho Corleone, Ñengo Flow",9499747
130,"Macklemore & Ryan Lewis, Macklemore, Ryan Lewis, Ray Dalton",5737857
131,"Rauw Alejandro, Dalex, Lenny Tavárez, Dímelo Flow",8285363
132,"Tiësto, Dzeko, Preme, Post Malone",21601280
133,"Nicky Jam, J Balvin, Maluma, Ozuna",11274253
134,"Daddy Yankee, NATTI NATASHA, Becky G, Bad Bunny",7752843
135,"Rudimental, Jess Glynne, Macklemore, Dan Caplen",7550971
136,"Sia, Diplo, Labrinth, LSD",6077055
137,"YG, 2 Chainz, Big Sean, Nicki Minaj",5147978
138,"Rudimental, Major Lazer, Anne-Marie, Mr Eazi",4459041
139,"Rae Sremmurd, Swae Lee, Slim Jxmmi, Juicy J",4423747
140,"Mesita, Nicki Nicole, Tiago PZK, Emilia",11835499
141,"Juice WRLD, Marshmello, The Kid LAROI, Polo G",19071066
142,"Jack Harlow, Tory Lanez, DaBaby, Lil Wayne",13874577
143,"Rauw Alejandro, Dalex, Lenny Tavárez, Dímelo Flow",8583437
144,"Ty Dolla $ign, FKA twigs, Skrillex, Kanye West",6245036
145,"Imagine Dragons, JID, Arcane, League of Legends",8102101
146,"Macklemore & Ryan Lewis, Macklemore, Ryan Lewis, Ray Dalton",7732206
147,"Tiësto, Dzeko, Preme, Post Malone",15459179
148,"Rudimental, Jess Glynne, Macklemore, Dan Caplen",9992805
149,"Daddy Yankee, NATTI NATASHA, Becky G, Bad Bunny",8568825
150,"Rita Ora, Charli XCX, Cardi B, Bebe Rexha",6550559
151,"Sia, Diplo, Labrinth, LSD",6460419
152,"Rae Sremmurd, Swae Lee, Slim Jxmmi, Juicy J",5781588
153,"Diplo, French Montana, Lil Pump, Zhavia",4441748
154,"Jay Rock, Kendrick Lamar, Future, James Blake",4272342
155,"Hailee Steinfeld, Alesso, Florida Georgia Line, WATT",8668382
156,"Lorde, Khalid, Post Malone, SZA",7222885
157,"Chris Jedi, J Balvin, Ozuna, Arcángel",6309059
158,"Major Lazer, Travis Scott, Camila Cabello, Quavo",5235541
159,"2 Chainz, Ty Dolla $ign, Trey Songz, Jhené Aiko",4277732
160,"Dimitri Vegas & Like Mike, David Guetta, Dimitri Vegas, Kiiara",3352674
161,"Imagine Dragons, JID, Arcane, League of Legends",8872816
162,"J Balvin, Pharrell Williams, BIA, Sky Rompiendo",5569636
163,"IAmChino, Pitbull, Yandel, El Chacal",4552630
164,"Macklemore & Ryan Lewis, Macklemore, Ryan Lewis, Ray Dalton",8892748
165,"Imagine Dragons, JID, Arcane, League of Legends",16119886
166,"DJ Snake, Selena Gomez, Ozuna, Cardi B",35130395
167,"XXXTENTACION, Lil Pump, Swae Lee, Maluma",20648779
168,"Silk City, Dua Lipa, Diplo, Mark Ronson",7759726
169,"Sia, Diplo, Labrinth, LSD",6338614
170,"Tiësto, Dzeko, Preme, Post Malone",5809774
171,"Jason Derulo, David Guetta, Nicki Minaj, Willy William",5808910
172,"DJ Khaled, Justin Bieber, Quavo, Chance the Rapper",4875437
173,"Rudimental, Jess Glynne, Macklemore, Dan Caplen",4331374
174,"J Balvin, Dua Lipa, Bad Bunny, Tainy",16962639
175,"Jack Harlow, Tory Lanez, DaBaby, Lil Wayne",13071778
176,"Internet Money, Gunna, Don Toliver, NAV",11373347
177,"Rauw Alejandro, Dalex, Lenny Tavárez, Dímelo Flow",6733114
178,"Juice WRLD, Marshmello, The Kid LAROI, Polo G",6011663
179,"Imagine Dragons, JID, Arcane, League of Legends",9522204
180,"Hailee Steinfeld, Alesso, Florida Georgia Line, WATT",12033466
181,"Lorde, Khalid, Post Malone, SZA",7585890
182,"21 Savage, Offset, Metro Boomin, Travis Scott",5872556
183,"Chris Jedi, J Balvin, Ozuna, Arcángel",5415065
184,"Alan Walker, Noah Cyrus, Digital Farm Animals, Juliander",5037367
185,"Chris Brown, Yo Gotti, A Boogie Wit da Hoodie, Kodak Black",3522917
186,"2 Chainz, Ty Dolla $ign, Trey Songz, Jhené Aiko",3503222
187,"Major Lazer, Travis Scott, Camila Cabello, Quavo",3420592
188,"21 Savage, Offset, Metro Boomin, Quavo",3365677
189,"J Balvin, Pharrell Williams, BIA, Sky Rompiendo",6192431
190,"IAmChino, Pitbull, Yandel, El Chacal",5182271
191,"Ed Sheeran, Nyla, Kranium, Major Lazer",3223687
192,"Riton, Nightcrawlers, Mufasa & Hypeman, Dopamine",12475457
193,"Internet Money, Gunna, Don Toliver, NAV",6257933
194,"BANDIDO, Duki, Rei, Tiago PZK",5984231
195,"Joel Corry, Jax Jones, Charli XCX, Saweetie",5322737
196,"DJ Snake, Selena Gomez, Ozuna, Cardi B",7574182
197,"Jax Jones, Martin Solveig, Madison Beer, Europa",6797675
198,"Hailee Steinfeld, Alesso, Florida Georgia Line, WATT",5239909
199,"benny blanco, Selena Gomez, J Balvin, Tainy",5234720
200,"Hailee Steinfeld, Alesso, Florida Georgia Line, WATT",10989139
201,"Martin Garrix, David Guetta, Jamie Scott, Romy Dya",7370470
202,"Alan Walker, Noah Cyrus, Digital Farm Animals, Juliander",6397635
203,"Huncho Jack, Travis Scott, Quavo, Offset",5923537
204,"Huncho Jack, Travis Scott, Quavo, Takeoff",5542140
205,"David Guetta, AFROJACK, Charli XCX, French Montana",4631692
206,"Chris Jedi, J Balvin, Ozuna, Arcángel",4574465
207,"21 Savage, Offset, Metro Boomin, Travis Scott",4191528
208,"Internet Money, Gunna, Don Toliver, NAV",18108073
209,"J Balvin, Dua Lipa, Bad Bunny, Tainy",7925452
210,"Jack Harlow, Tory Lanez, DaBaby, Lil Wayne",5649723
211,"French Montana, Rvssian, Post Malone, Cardi B",7173356
212,"DJ Snake, Selena Gomez, Ozuna, Cardi B",4821971
213,"Hailee Steinfeld, Alesso, Florida Georgia Line, WATT",12807723
214,"Alan Walker, Noah Cyrus, Digital Farm Animals, Juliander",7234069
215,"Martin Garrix, David Guetta, Jamie Scott, Romy Dya",7153262
216,"21 Savage, Offset, Metro Boomin, Travis Scott",5763705
217,"Chris Jedi, J Balvin, Ozuna, Arcángel",4718931
218,"David Guetta, AFROJACK, Charli XCX, French Montana",4689408
219,"Lorde, Khalid, Post Malone, SZA",3997533
220,"JC NO BEAT, DJ F7, MC Meno Dani, Silva Mc",10083665
221,"Macklemore & Ryan Lewis, Macklemore, Ryan Lewis, Ray Dalton",9668162
222,"Macklemore & Ryan Lewis, Macklemore, Ryan Lewis, Ray Dalton",8437776
223,"Imagine Dragons, JID, Arcane, League of Legends",7666694
224,"Sebastian Yatra, Daddy Yankee, NATTI NATASHA, Jonas Brothers",6737504
225,"DJ Snake, Selena Gomez, Ozuna, Cardi B",5741878
226,"Mustard, NAV, Playboi Carti, A Boogie Wit da Hoodie",5020890
227,"DJ Khaled, Justin Bieber, Quavo, Chance the Rapper",26590758
228,"Tiësto, Dzeko, Preme, Post Malone",20132101
229,"Nicky Jam, J Balvin, Maluma, Ozuna",10705976
230,"Rudimental, Jess Glynne, Macklemore, Dan Caplen",7061613
231,"Daddy Yankee, NATTI NATASHA, Becky G, Bad Bunny",6794168
232,"YG, 2 Chainz, Big Sean, Nicki Minaj",5215673
233,"Sia, Diplo, Labrinth, LSD",5159618
234,"Rudimental, Major Lazer, Anne-Marie, Mr Eazi",3851171
235,"Rae Sremmurd, Swae Lee, Slim Jxmmi, Juicy J",3838244
236,"Macklemore & Ryan Lewis, Macklemore, Ryan Lewis, Ray Dalton",9019585
237,"Veigh, Bvga Beatz, Prod Malax, Supernova Ent",8092985
238,"Internet Money, Gunna, Don Toliver, NAV",18425259
239,"J Balvin, Dua Lipa, Bad Bunny, Tainy",8181552
240,"Jack Harlow, Tory Lanez, DaBaby, Lil Wayne",5686129
241,"Rauw Alejandro, Dalex, Lenny Tavárez, Dímelo Flow",7347714
242,"G Herbo, Lil Uzi Vert, Juice WRLD, Chance the Rapper",4834626
243,"Chris Jedi, J Balvin, Ozuna, Arcángel",6908844
244,"Calvin Harris, Young Thug, Pharrell Williams, Ariana Grande",4693737
245,"J Balvin, Pharrell Williams, BIA, Sky Rompiendo",4191786
246,"IAmChino, Pitbull, Yandel, El Chacal",3952909
247,"J Balvin, Pharrell Williams, BIA, Sky Rompiendo",6894070
248,"IAmChino, Pitbull, Yandel, El Chacal",5393824
249,"Imagine Dragons, JID, Arcane, League of Legends",24384563
250,"Joel Corry, Jax Jones, Charli XCX, Saweetie",7070751
251,"DJ Snake, Ozuna, Megan Thee Stallion, LISA",6341371
252,"Riton, Nightcrawlers, Mufasa & Hypeman, Dopamine",5823725
253,"Internet Money, Gunna, Don Toliver, NAV",25874945
254,"J Balvin, Dua Lipa, Bad Bunny, Tainy",11478199
255,"24kGoldn, Justin Bieber, J Balvin, iann dior",7573978
256,"Jack Harlow, Tory Lanez, DaBaby, Lil Wayne",6457029
257,"Macklemore & Ryan Lewis, Macklemore, Ryan Lewis, Ray Dalton",9755449
258,"Beyoncé, JAY-Z, Childish Gambino, Oumou Sangaré",8226052
259,"Sebastian Yatra, Daddy Yankee, NATTI NATASHA, Jonas Brothers",7797259
260,"Lil Nas X, Billy Ray Cyrus, Mason Ramsey, Young Thug",6980925
261,"Blue Ivy, SAINt JHN, Beyoncé, Wizkid",6553492
262,"DJ Snake, Selena Gomez, Ozuna, Cardi B",6476030
263,"Mustard, NAV, Playboi Carti, A Boogie Wit da Hoodie",5728294
264,"XXXTENTACION, Ky-Mani Marley, Stefflon Don, Vybz Kartel",4599461
265,"Jax Jones, Martin Solveig, Madison Beer, Europa",4444521
266,"Silk City, Dua Lipa, Diplo, Mark Ronson",15882221
267,"DJ Khaled, Justin Bieber, Quavo, Chance the Rapper",15529294
268,"Sia, Diplo, Labrinth, LSD",12055103
269,"Tiësto, Dzeko, Preme, Post Malone",11851093
270,"Jason Derulo, David Guetta, Nicki Minaj, Willy William",9771636
271,"YG, 2 Chainz, Big Sean, Nicki Minaj",6147076
272,"Nicky Jam, J Balvin, Maluma, Ozuna",5906176
273,"Rudimental, Jess Glynne, Macklemore, Dan Caplen",5219096
274,"Daddy Yankee, NATTI NATASHA, Becky G, Bad Bunny",4552750
275,"Joel Corry, Jax Jones, Charli XCX, Saweetie",9869162
276,"Riton, Nightcrawlers, Mufasa & Hypeman, Dopamine",8262943
277,"Internet Money, Gunna, Don Toliver, NAV",5865185
278,"Jasleen Royal, B Praak, Romy, Anvita Dutt",5683967
279,"Hailee Steinfeld, Alesso, Florida Georgia Line, WATT",9391336
280,"Lorde, Khalid, Post Malone, SZA",7812451
281,"Chris Jedi, J Balvin, Ozuna, Arcángel",5812065
282,"Major Lazer, Travis Scott, Camila Cabello, Quavo",3991335
283,"2 Chainz, Ty Dolla $ign, Trey Songz, Jhené Aiko",3638112
284,"Rauw Alejandro, Dalex, Lenny Tavárez, Dímelo Flow",7057790
285,"G Herbo, Lil Uzi Vert, Juice WRLD, Chance the Rapper",4880524
286,"Metro Boomin, Swae Lee, NAV, A Boogie Wit da Hoodie",18012833
287,"Metro Boomin, Swae Lee, Lil Wayne, Offset",14513660
288,"SAIKO, Quevedo, Feid, Mora",9469057
289,"Macklemore & Ryan Lewis, Macklemore, Ryan Lewis, Ray Dalton",9157419
290,"Veigh, Bvga Beatz, Prod Malax, Supernova Ent",8959244
291,"Major Lazer, Travis Scott, Camila Cabello, Quavo",10447973
292,"Chris Jedi, J Balvin, Ozuna, Arcángel",7723099
293,"Calvin Harris, Future, Khalid, Funk Wav",4735827
294,"2 Chainz, Ty Dolla $ign, Trey Songz, Jhené Aiko",4648489
295,"Dimitri Vegas & Like Mike, David Guetta, Dimitri Vegas, Kiiara",3977360
296,"Rudimental, Jess Glynne, Macklemore, Dan Caplen",15034846
297,"Rae Sremmurd, Swae Lee, Slim Jxmmi, Juicy J",7942582
298,"Hailee Steinfeld, Alesso, Florida Georgia Line, WATT",6309380
299,"Jay Rock, Kendrick Lamar, Future, James Blake",6305958
300,"Daddy Yankee, NATTI NATASHA, Becky G, Bad Bunny",4813672
301,"Alan Walker, Noah Cyrus, Digital Farm Animals, Juliander",4018319
302,"Imagine Dragons, JID, Arcane, League of Legends",8559312
303,"DJ Snake, Selena Gomez, Ozuna, Cardi B",14120363
304,"benny blanco, Selena Gomez, J Balvin, Tainy",14098508
305,"XXXTENTACION, Lil Pump, Swae Lee, Maluma",6038587
306,"Tropkillaz, J Balvin, Anitta, ZAAC",5547046
307,"ChocQuibTown, Zion & Lennox, Farruko, Manuel Turizo",5326529
308,"Silk City, Dua Lipa, Diplo, Mark Ronson",4508944
309,"Joel Corry, Jax Jones, Charli XCX, Saweetie",10295426
310,"Skylar Grey, Polo G, Mozzy, Eminem",9017453
311,"Riton, Nightcrawlers, Mufasa & Hypeman, Dopamine",7386563
312,"Internet Money, Gunna, Don Toliver, NAV",5633307
313,"Jasleen Royal, B Praak, Romy, Anvita Dutt",5027772
314,"Imagine Dragons, JID, Arcane, League of Legends",11282557
315,"Chris Jedi, Anuel AA, Chencho Corleone, Ñengo Flow",10315352
316,"Calvin Harris, Justin Timberlake, Halsey, Pharrell Williams",8050805
317,"Sebastian Yatra, Daddy Yankee, NATTI NATASHA, Jonas Brothers",8243550
318,"DJ Snake, Selena Gomez, Ozuna, Cardi B",6787871
319,"Mustard, NAV, Playboi Carti, A Boogie Wit da Hoodie",5044999
320,"Jax Jones, Martin Solveig, Madison Beer, Europa",4983819
321,"Major Lazer, Travis Scott, Camila Cabello, Quavo",11943876
322,"Chris Jedi, J Balvin, Ozuna, Arcángel",8882668
323,"Calvin Harris, Future, Khalid, Funk Wav",6962962
324,"2 Chainz, Ty Dolla $ign, Trey Songz, Jhené Aiko",4498299
325,"Tyler, The Creator, Frank Ocean, Steve Lacy",3653538
326,"Tyler, The Creator, Rex Orange County, Anna of the North",3396784
327,"Hailee Steinfeld, Alesso, Florida Georgia Line, WATT",7798299
328,"Lorde, Khalid, Post Malone, SZA",7349843
329,"Chris Jedi, J Balvin, Ozuna, Arcángel",6427073
330,"Major Lazer, Travis Scott, Camila Cabello, Quavo",5663083
331,"2 Chainz, Ty Dolla $ign, Trey Songz, Jhené Aiko",4682621
332,"Dimitri Vegas & Like Mike, David Guetta, Dimitri Vegas, Kiiara",3529656
333,"Macklemore & Ryan Lewis, Macklemore, Ryan Lewis, Ray Dalton",8822535
334,"Imagine Dragons, JID, Arcane, League of Legends",10308783
335,"Chris Jedi, Anuel AA, Chencho Corleone, Ñengo Flow",9852778
336,"Calvin Harris, Justin Timberlake, Halsey, Pharrell Williams",7674316
337,"Macklemore & Ryan Lewis, Macklemore, Ryan Lewis, Ray Dalton",6074114
338,"DJ Snake, Selena Gomez, Ozuna, Cardi B",24641771
339,"XXXTENTACION, Lil Pump, Swae Lee, Maluma",12784863
340,"Silk City, Dua Lipa, Diplo, Mark Ronson",4952780
341,"Imagine Dragons, JID, Arcane, League of Legends",8485697
342,"Riton, Nightcrawlers, Mufasa & Hypeman, Dopamine",18527417
343,"Internet Money, Gunna, Don Toliver, NAV",8582130
344,"Mc Davi, Mc Pedrinho, Mc Don Juan, DJ 900",7427924
345,"Young Stoner Life, Young Thug, Gunna, Drake",6815111
346,"J Balvin, Dua Lipa, Bad Bunny, Tainy",5626791
347,"Macklemore & Ryan Lewis, Macklemore, Ryan Lewis, Ray Dalton",5187720
348,"Imagine Dragons, JID, Arcane, League of Legends",11796456
349,"Chris Jedi, Anuel AA, Chencho Corleone, Ñengo Flow",9661420
350,"J Balvin, Pharrell Williams, BIA, Sky Rompiendo",6348390
351,"IAmChino, Pitbull, Yandel, El Chacal",5217827
352,"Sebastian Yatra, Daddy Yankee, NATTI NATASHA, Jonas Brothers",6962710
353,"DJ Snake, Selena Gomez, Ozuna, Cardi B",5872169
354,"Mustard, NAV, Playboi Carti, A Boogie Wit da Hoodie",4685917
355,"Mesita, Nicki Nicole, Tiago PZK, Emilia",13232332
356,"Macklemore & Ryan Lewis, Macklemore, Ryan Lewis, Ray Dalton",9747190
357,"Macklemore & Ryan Lewis, Macklemore, Ryan Lewis, Ray Dalton",10307415
358,"JC NO BEAT, DJ F7, MC Meno Dani, Silva Mc",9136965
359,"DJ Snake, Selena Gomez, Ozuna, Cardi B",7452064
360,"Jax Jones, Martin Solveig, Madison Beer, Europa",6444932
361,"Hailee Steinfeld, Alesso, Florida Georgia Line, WATT",5119739
362,"Major Lazer, Khalid, Death Stranding: Timefall, Diplo",7210063
363,"Noriel, Myke Towers, Rauw Alejandro, Almighty",4508773
364,"Macklemore & Ryan Lewis, Macklemore, Ryan Lewis, Ray Dalton",8674419
365,"Veigh, Bvga Beatz, Prod Malax, Supernova Ent",8492649
366,"Metro Boomin, Swae Lee, NAV, A Boogie Wit da Hoodie",7760702
367,"Riton, Nightcrawlers, Mufasa & Hypeman, Dopamine",17372035
368,"Internet Money, Gunna, Don Toliver, NAV",10984231
369,"J Balvin, Dua Lipa, Bad Bunny, Tainy",6707169
370,"Macklemore & Ryan Lewis, Macklemore, Ryan Lewis, Ray Dalton",5272789
371,"Imagine Dragons, JID, Arcane, League of Legends",26549378
372,"Xamã, Gustah, Neo Beats, Bagua Records",10219569
373,"Tiago PZK, LIT killah, Maria Becerra, Nicki Nicole",7813735
374,"Riton, Nightcrawlers, Mufasa & Hypeman, Dopamine",5505879
375,"DJ Matt D, Menor MC, MC GP, Vulgo FK",5464169
376,"Tiësto, Dzeko, Preme, Post Malone",19001953
377,"Rudimental, Jess Glynne, Macklemore, Dan Caplen",8729037
378,"Nicky Jam, J Balvin, Maluma, Ozuna",8531532
379,"Daddy Yankee, NATTI NATASHA, Becky G, Bad Bunny",7875161
380,"Sia, Diplo, Labrinth, LSD",5739896
381,"Rae Sremmurd, Swae Lee, Slim Jxmmi, Juicy J",4526520
382,"YG, 2 Chainz, Big Sean, Nicki Minaj",4486206
383,"Imagine Dragons, JID, Arcane, League of Legends",8281490
384,"Macklemore & Ryan Lewis, Macklemore, Ryan Lewis, Ray Dalton",7835701
385,"Macklemore & Ryan Lewis, Macklemore, Ryan Lewis, Ray Dalton",9165251
386,"Metro Boomin, Swae Lee, NAV, A Boogie Wit da Hoodie",8956961
387,"Veigh, Bvga Beatz, Prod Malax, Supernova Ent",8756418
388,"SAIKO, Quevedo, Feid, Mora",7556830
389,"Joel Corry, Jax Jones, Charli XCX, Saweetie",10642295
390,"Skylar Grey, Polo G, Mozzy, Eminem",7860242
391,"Riton, Nightcrawlers, Mufasa & Hypeman, Dopamine",7173314
392,"Internet Money, Gunna, Don Toliver, NAV",5626548
393,"Nardo Wick, G Herbo, Lil Durk, 21 Savage",5178362
394,"DJ Patrick Muniz, Dj Olliver, Mc Topre, Mc Rennan",5056578
395,"Rauw Alejandro, Dalex, Lenny Tavárez, Dímelo Flow",6817857
396,"G Herbo, Lil Uzi Vert, Juice WRLD, Chance the Rapper",5549972
397,"Internet Money, Gunna, Don Toliver, NAV",16175753
398,"J Balvin, Dua Lipa, Bad Bunny, Tainy",15604712
399,"Jack Harlow, Tory Lanez, DaBaby, Lil Wayne",12382594
400,"SZA, The Neptunes, Pharrell Williams, Ty Dolla $ign",7762540
401,"Internet Money, Trippie Redd, Diplo, Juice WRLD",5845184
402,"Rauw Alejandro, Dalex, Lenny Tavárez, Dímelo Flow",5818403
403,"Juice WRLD, Marshmello, The Kid LAROI, Polo G",5304706
404,"Saweetie, Post Malone, DaBaby, Jack Harlow",5117128
405,"Imagine Dragons, JID, Arcane, League of Legends",26055340
406,"Xamã, Gustah, Neo Beats, Bagua Records",11140475
407,"Tiago PZK, LIT killah, Maria Becerra, Nicki Nicole",9601702
408,"DJ Matt D, Menor MC, MC GP, Vulgo FK",6033803
409,"Riton, Nightcrawlers, Mufasa & Hypeman, Dopamine",5712313
410,"Joel Corry, Jax Jones, Charli XCX, Saweetie",5585789
411,"Imagine Dragons, JID, Arcane, League of Legends",18408586
412,"Davi Kneip, Mc Frog, Dj Gabriel do Borel, Luísa Sonza",5974662
413,"Macklemore & Ryan Lewis, Macklemore, Ryan Lewis, Ray Dalton",5500915
414,"Internet Money, Gunna, Don Toliver, NAV",17690239
415,"J Balvin, Dua Lipa, Bad Bunny, Tainy",7980324
416,"Jack Harlow, Tory Lanez, DaBaby, Lil Wayne",5638664
417,"Imagine Dragons, JID, Arcane, League of Legends",8613900
418,"Macklemore & Ryan Lewis, Macklemore, Ryan Lewis, Ray Dalton",8503969
419,"MEDUZA, James Carter, Elley Duhé, FAST BOY",6748442
420,"DJ Snake, Selena Gomez, Ozuna, Cardi B",40931264
421,"XXXTENTACION, Lil Pump, Swae Lee, Maluma",26157297
422,"Silk City, Dua Lipa, Diplo, Mark Ronson",10440028
423,"Sia, Diplo, Labrinth, LSD",6857989
424,"Tiësto, Dzeko, Preme, Post Malone",6824735
425,"Jason Derulo, David Guetta, Nicki Minaj, Willy William",6461208
426,"DJ Khaled, Justin Bieber, Quavo, Chance the Rapper",5891527
427,"YG, 2 Chainz, Big Sean, Nicki Minaj",4900092
428,"Rudimental, Jess Glynne, Macklemore, Dan Caplen",4627106
429,"Nicky Jam, J Balvin, Maluma, Ozuna",4611891
430,"Imagine Dragons, JID, Arcane, League of Legends",10000816
431,"Chris Jedi, Anuel AA, Chencho Corleone, Ñengo Flow",9844073
432,"Calvin Harris, Justin Timberlake, Halsey, Pharrell Williams",6204254
433,"Macklemore & Ryan Lewis, Macklemore, Ryan Lewis, Ray Dalton",6114151
434,"Joel Corry, Jax Jones, Charli XCX, Saweetie",10138933
435,"DJ Snake, Ozuna, Megan Thee Stallion, LISA",9099139
436,"Imagine Dragons, JID, Arcane, League of Legends",8559283
437,"Riton, Nightcrawlers, Mufasa & Hypeman, Dopamine",6537388
438,"DJ Patrick Muniz, Dj Olliver, Mc Topre, Mc Rennan",6095808
439,"Internet Money, Gunna, Don Toliver, NAV",5274791
440,"Imagine Dragons, JID, Arcane, League of Legends",9907705
441,"Chris Jedi, Anuel AA, Chencho Corleone, Ñengo Flow",9556312
442,"Calvin Harris, Justin Timberlake, Halsey, Pharrell Williams",6984910
443,"Macklemore & Ryan Lewis, Macklemore, Ryan Lewis, Ray Dalton",5904833
444,"Riton, Nightcrawlers, Mufasa & Hypeman, Dopamine",17496092
445,"Internet Money, Gunna, Don Toliver, NAV",7448578
446,"Mc Davi, Mc Pedrinho, Mc Don Juan, DJ 900",7022577
447,"J Balvin, Dua Lipa, Bad Bunny, Tainy",5637354
448,"Macklemore & Ryan Lewis, Macklemore, Ryan Lewis, Ray Dalton",5141014
449,"Macklemore & Ryan Lewis, Macklemore, Ryan Lewis, Ray Dalton",8330185
450,"Veigh, Bvga Beatz, Prod Malax, Supernova Ent",7717232
451,"J Balvin, Pharrell Williams, BIA, Sky Rompiendo",5086935
452,"IAmChino, Pitbull, Yandel, El Chacal",4875351
453,"Mustard, NAV, Playboi Carti, A Boogie Wit da Hoodie",6033087
454,"Sebastian Yatra, Daddy Yankee, NATTI NATASHA, Jonas Brothers",5236780
455,"DJ Snake, Selena Gomez, Ozuna, Cardi B",5116038
456,"DJ Snake, Selena Gomez, Ozuna, Cardi B",8234156
457,"SZA, The Weeknd, Travis Scott, Game of Thrones",7870607
458,"benny blanco, Selena Gomez, J Balvin, Tainy",6649515
459,"Imagine Dragons, JID, Arcane, League of Legends",8767714
460,"Macklemore & Ryan Lewis, Macklemore, Ryan Lewis, Ray Dalton",8632366
461,"French Montana, Rvssian, Post Malone, Cardi B",8113809
462,"DJ Snake, Selena Gomez, Ozuna, Cardi B",4676403
463,"Noriel, Myke Towers, Rauw Alejandro, Almighty",4639648
464,"DJ Snake, Selena Gomez, Ozuna, Cardi B",4816702
465,"Internet Money, Gunna, Don Toliver, NAV",28351078
466,"J Balvin, Dua Lipa, Bad Bunny, Tainy",14106170
467,"Jack Harlow, Tory Lanez, DaBaby, Lil Wayne",9831029
468,"Rauw Alejandro, Dalex, Lenny Tavárez, Dímelo Flow",4980264
469,"DJ Snake, Selena Gomez, Ozuna, Cardi B",17099115
470,"XXXTENTACION, Lil Pump, Swae Lee, Maluma",7286079
471,"Silk City, Dua Lipa, Diplo, Mark Ronson",5347507
472,"NOTD, Felix Jaehn, Captain Cuts, Georgia Ku",5207190
473,"ChocQuibTown, Zion & Lennox, Farruko, Manuel Turizo",5166691
474,"J Balvin, Pharrell Williams, BIA, Sky Rompiendo",7286559
475,"IAmChino, Pitbull, Yandel, El Chacal",3804156
476,"Jack Harlow, Tory Lanez, DaBaby, Lil Wayne",16616199
477,"Juice WRLD, Marshmello, The Kid LAROI, Polo G",12290847
478,"Rauw Alejandro, Dalex, Lenny Tavárez, Dímelo Flow",8464628
479,"Ty Dolla $ign, FKA twigs, Skrillex, Kanye West",5826947
480,"Rudimental, Jess Glynne, Macklemore, Dan Caplen",19168120
481,"Jay Rock, Kendrick Lamar, Future, James Blake",12264866
482,"Hailee Steinfeld, Alesso, Florida Georgia Line, WATT",11472582
483,"DJ Khaled, JAY-Z, Future, Beyoncé",7898874
484,"Martin Garrix, David Guetta, Jamie Scott, Romy Dya",6338030
485,"Rae Sremmurd, Swae Lee, Slim Jxmmi, Juicy J",5491839
486,"Alan Walker, Noah Cyrus, Digital Farm Animals, Juliander",5433323
487,"benny blanco, Selena Gomez, J Balvin, Tainy",14815511
488,"DJ Snake, Selena Gomez, Ozuna, Cardi B",12383076
489,"Tropkillaz, J Balvin, Anitta, ZAAC",5339885
490,"XXXTENTACION, Lil Pump, Swae Lee, Maluma",5272370
491,"Sia, Diplo, Labrinth, LSD",5209012
492,"ChocQuibTown, Zion & Lennox, Farruko, Manuel Turizo",5001853
493,"Internet Money, Gunna, Don Toliver, NAV",30094068
494,"J Balvin, Dua Lipa, Bad Bunny, Tainy",13665588
495,"Jack Harlow, Tory Lanez, DaBaby, Lil Wayne",8337417
496,"Rauw Alejandro, Dalex, Lenny Tavárez, Dímelo Flow",4883979
497,"DJ Snake, Selena Gomez, Ozuna, Cardi B",22845885
498,"XXXTENTACION, Lil Pump, Swae Lee, Maluma",13293720
499,"Silk City, Dua Lipa, Diplo, Mark Ronson",5806209
500,"Sia, Diplo, Labrinth, LSD",5216852
501,"Tiësto, Dzeko, Preme, Post Malone",4958852
502,"Rudimental, Jess Glynne, Macklemore, Dan Caplen",4900006
503,"Hailee Steinfeld, Alesso, Florida Georgia Line, WATT",4562544
504,"Imagine Dragons, JID, Arcane, League of Legends",24658352
505,"Xamã, Gustah, Neo Beats, Bagua Records",9507646
506,"Tiago PZK, LIT killah, Maria Becerra, Nicki Nicole",5564081
507,"Macklemore & Ryan Lewis, Macklemore, Ryan Lewis, Ray Dalton",5383001
508,"Hailee Steinfeld, Alesso, Florida Georgia Line, WATT",9152623
509,"Lorde, Khalid, Post Malone, SZA",7114117
510,"Chris Jedi, J Balvin, Ozuna, Arcángel",5950345
511,"Major Lazer, Travis Scott, Camila Cabello, Quavo",4625046
512,"2 Chainz, Ty Dolla $ign, Trey Songz, Jhené Aiko",4073894
513,"Internet Money, Gunna, Don Toliver, NAV",14749599
514,"J Balvin, Dua Lipa, Bad Bunny, Tainy",6975009
515,"Jack Harlow, Tory Lanez, DaBaby, Lil Wayne",5359826
516,"Riton, Nightcrawlers, Mufasa & Hypeman, Dopamine",17377168
517,"Internet Money, Gunna, Don Toliver, NAV",7668614
518,"Mc Davi, Mc Pedrinho, Mc Don Juan, DJ 900",7603641
519,"J Balvin, Dua Lipa, Bad Bunny, Tainy",5821141
520,"Young Stoner Life, Young Thug, Gunna, Drake",5347781
521,"Macklemore & Ryan Lewis, Macklemore, Ryan Lewis, Ray Dalton",5174055
522,"Chris Jedi, Anuel AA, Chencho Corleone, Ñengo Flow",9632751
523,"Imagine Dragons, JID, Arcane, League of Legends",9617675
524,"Calvin Harris, Justin Timberlake, Halsey, Pharrell Williams",6173065
525,"Macklemore & Ryan Lewis, Macklemore, Ryan Lewis, Ray Dalton",6122011
526,"Macklemore & Ryan Lewis, Macklemore, Ryan Lewis, Ray Dalton",8362819
527,"Imagine Dragons, JID, Arcane, League of Legends",7897552
528,"French Montana, Rvssian, Post Malone, Cardi B",9534436
529,"Mustard, NAV, Playboi Carti, A Boogie Wit da Hoodie",5291839
530,"DJ Snake, Selena Gomez, Ozuna, Cardi B",4960102
531,"Noriel, Myke Towers, Rauw Alejandro, Almighty",4853199
532,"Sebastian Yatra, Daddy Yankee, NATTI NATASHA, Jonas Brothers",4682772
533,"DJ Snake, Selena Gomez, Ozuna, Cardi B",29307746
534,"XXXTENTACION, Lil Pump, Swae Lee, Maluma",16565375
535,"Silk City, Dua Lipa, Diplo, Mark Ronson",6100632
536,"Sia, Diplo, Labrinth, LSD",5767916
537,"Tiësto, Dzeko, Preme, Post Malone",4993108
538,"DJ Snake, Selena Gomez, Ozuna, Cardi B",6993689
539,"Jax Jones, Martin Solveig, Madison Beer, Europa",5398486
540,"Polo G, Stunna 4 Vegas, NLE Choppa, Mike WiLL Made-It",6997406
541,"A Boogie Wit da Hoodie, London On Da Track, Roddy Ricch, Gunna",5487069
542,"Jack Harlow, Tory Lanez, DaBaby, Lil Wayne",13542689
543,"Rauw Alejandro, Dalex, Lenny Tavárez, Dímelo Flow",8496367
544,"Ty Dolla $ign, FKA twigs, Skrillex, Kanye West",7357022
545,"Macklemore & Ryan Lewis, Macklemore, Ryan Lewis, Ray Dalton",8284101
546,"Imagine Dragons, JID, Arcane, League of Legends",7719991
547,"Hailee Steinfeld, Alesso, Florida Georgia Line, WATT",14175611
548,"Alan Walker, Noah Cyrus, Digital Farm Animals, Juliander",7745029
549,"Martin Garrix, David Guetta, Jamie Scott, Romy Dya",7389963
550,"21 Savage, Offset, Metro Boomin, Travis Scott",6257565
551,"Lorde, Khalid, Post Malone, SZA",4939876
552,"David Guetta, AFROJACK, Charli XCX, French Montana",4932241
553,"Chris Jedi, J Balvin, Ozuna, Arcángel",4792800
554,"Internet Money, Gunna, Don Toliver, NAV",21360845
555,"J Balvin, Dua Lipa, Bad Bunny, Tainy",9836674
556,"Jack Harlow, Tory Lanez, DaBaby, Lil Wayne",6567755
557,"24kGoldn, Justin Bieber, J Balvin, iann dior",5314734
558,"Hailee Steinfeld, Alesso, Florida Georgia Line, WATT",11126369
559,"Lorde, Khalid, Post Malone, SZA",7448821
560,"Chris Jedi, J Balvin, Ozuna, Arcángel",5728737
561,"Major Lazer, Travis Scott, Camila Cabello, Quavo",3723657
562,"2 Chainz, Ty Dolla $ign, Trey Songz, Jhené Aiko",3620161
563,"French Montana, Post Malone, Cardi B, Rvssian",5229616
564,"DJ Snake, Selena Gomez, Ozuna, Cardi B",4629220
565,"Pablito Pesadilla, Polimá Westcoast, Nickoog Clk, Fran C",10790933
566,"Imagine Dragons, JID, Arcane, League of Legends",8873654
567,"Chris Jedi, Anuel AA, Chencho Corleone, Ñengo Flow",7118874
568,"Macklemore & Ryan Lewis, Macklemore, Ryan Lewis, Ray Dalton",6204444
569,"Riton, Nightcrawlers, Mufasa & Hypeman, Dopamine",13361338
570,"BANDIDO, Duki, Rei, Tiago PZK",6533859
571,"Internet Money, Gunna, Don Toliver, NAV",6479309
572,"Macklemore & Ryan Lewis, Macklemore, Ryan Lewis, Ray Dalton",8167309
573,"Imagine Dragons, JID, Arcane, League of Legends",24296921
574,"Xamã, Gustah, Neo Beats, Bagua Records",7317186
575,"Riton, Nightcrawlers, Mufasa & Hypeman, Dopamine",5690240
576,"Imagine Dragons, JID, Arcane, League of Legends",23593803
577,"Xamã, Gustah, Neo Beats, Bagua Records",6985680
578,"Macklemore & Ryan Lewis, Macklemore, Ryan Lewis, Ray Dalton",5362275
579,"Macklemore & Ryan Lewis, Macklemore, Ryan Lewis, Ray Dalton",8703847
580,"Imagine Dragons, JID, Arcane, League of Legends",8623493
581,"Pablito Pesadilla, Polimá Westcoast, Nickoog Clk, Fran C",7678747
582,"Macklemore & Ryan Lewis, Macklemore, Ryan Lewis, Ray Dalton",7180434
583,"Hailee Steinfeld, Alesso, Florida Georgia Line, WATT",12977633
584,"Martin Garrix, David Guetta, Jamie Scott, Romy Dya",8711976
585,"Alan Walker, Noah Cyrus, Digital Farm Animals, Juliander",7499091
586,"David Guetta, AFROJACK, Charli XCX, French Montana",5155306
587,"Chris Jedi, J Balvin, Ozuna, Arcángel",4580081
588,"Macklemore & Ryan Lewis, Macklemore, Ryan Lewis, Ray Dalton",4152363
589,"21 Savage, Offset, Metro Boomin, Travis Scott",4123876
590,"Huncho Jack, Travis Scott, Quavo, Offset",3781196
591,"DJ Snake, Selena Gomez, Ozuna, Cardi B",38729117
592,"Silk City, Dua Lipa, Diplo, Mark Ronson",13285784
593,"Sia, Diplo, Labrinth, LSD",9596738
594,"Jason Derulo, David Guetta, Nicki Minaj, Willy William",8398824
595,"DJ Khaled, Justin Bieber, Quavo, Chance the Rapper",8199448
596,"Tiësto, Dzeko, Preme, Post Malone",8028570
597,"Rudimental, Jess Glynne, Macklemore, Dan Caplen",5197551
598,"Nicky Jam, J Balvin, Maluma, Ozuna",4892749
599,"YG, 2 Chainz, Big Sean, Nicki Minaj",4825278
600,"DJ Khaled, Justin Bieber, Quavo, Chance the Rapper",25932843
601,"Tiësto, Dzeko, Preme, Post Malone",17916066
602,"Nicky Jam, J Balvin, Maluma, Ozuna",9094369
603,"Sia, Diplo, Labrinth, LSD",6919450
604,"Rudimental, Jess Glynne, Macklemore, Dan Caplen",6528812
605,"YG, 2 Chainz, Big Sean, Nicki Minaj",6068428
606,"Daddy Yankee, NATTI NATASHA, Becky G, Bad Bunny",5967992
607,"Major Lazer, Travis Scott, Camila Cabello, Quavo",9896496
608,"Chris Jedi, J Balvin, Ozuna, Arcángel",7555935
609,"2 Chainz, Ty Dolla $ign, Trey Songz, Jhené Aiko",4718031
610,"Dimitri Vegas & Like Mike, David Guetta, Dimitri Vegas, Kiiara",4067087
611,"Calvin Harris, Future, Khalid, Funk Wav",3963395
612,"Riton, Nightcrawlers, Mufasa & Hypeman, Dopamine",19050193
613,"Internet Money, Gunna, Don Toliver, NAV",9381614
614,"Young Stoner Life, Young Thug, Gunna, Drake",8876076
615,"J Balvin, Dua Lipa, Bad Bunny, Tainy",5908162
616,"Macklemore & Ryan Lewis, Macklemore, Ryan Lewis, Ray Dalton",5232876
617,"Riton, Nightcrawlers, Mufasa & Hypeman, Dopamine",17639674
618,"Internet Money, Gunna, Don Toliver, NAV",8181132
619,"Mc Davi, Mc Pedrinho, Mc Don Juan, DJ 900",8000178
620,"Internet Money, Gunna, Don Toliver, Lil Uzi Vert",6412213
621,"Young Stoner Life, Young Thug, Gunna, Drake",5756514
622,"J Balvin, Dua Lipa, Bad Bunny, Tainy",5528235
623,"Macklemore & Ryan Lewis, Macklemore, Ryan Lewis, Ray Dalton",5112658
624,"J Balvin, Pharrell Williams, BIA, Sky Rompiendo",7845521
625,"IAmChino, Pitbull, Yandel, El Chacal",3988644
626,"Macklemore & Ryan Lewis, Macklemore, Ryan Lewis, Ray Dalton",2632407
627,"Rudimental, Jess Glynne, Macklemore, Dan Caplen",11543296
628,"Tiësto, Dzeko, Preme, Post Malone",8992186
629,"Daddy Yankee, NATTI NATASHA, Becky G, Bad Bunny",8378855
630,"Sia, Diplo, Labrinth, LSD",6624472
631,"Rae Sremmurd, Swae Lee, Slim Jxmmi, Juicy J",6528914
632,"Rita Ora, Charli XCX, Cardi B, Bebe Rexha",6399438
633,"Diplo, French Montana, Lil Pump, Zhavia",6365443
634,"Jay Rock, Kendrick Lamar, Future, James Blake",5142339
635,"Hailee Steinfeld, Alesso, Florida Georgia Line, WATT",4034917
636,"Polo G, Stunna 4 Vegas, NLE Choppa, Mike WiLL Made-It",5824245
637,"Polo G, Stunna 4 Vegas, NLE Choppa, Mike WiLL Made-It",5635659
638,"G Herbo, Lil Uzi Vert, Juice WRLD, Chance the Rapper",4476329
639,"Riton, Nightcrawlers, Mufasa & Hypeman, Dopamine",16821688
640,"Internet Money, Gunna, Don Toliver, NAV",7259815
641,"Mc Davi, Mc Pedrinho, Mc Don Juan, DJ 900",6477223
642,"J Balvin, Dua Lipa, Bad Bunny, Tainy",5324005
643,"Macklemore & Ryan Lewis, Macklemore, Ryan Lewis, Ray Dalton",5085147
644,"J Balvin, Dua Lipa, Bad Bunny, Tainy",17956341
645,"Jack Harlow, Tory Lanez, DaBaby, Lil Wayne",14679976
646,"Juice WRLD, Marshmello, The Kid LAROI, Polo G",7705239
647,"Rauw Alejandro, Dalex, Lenny Tavárez, Dímelo Flow",7598813
648,"Ty Dolla $ign, FKA twigs, Skrillex, Kanye West",4583475
649,"Metro Boomin, Swae Lee, NAV, A Boogie Wit da Hoodie",15661928
650,"Metro Boomin, Swae Lee, Lil Wayne, Offset",11460013
651,"SAIKO, Quevedo, Feid, Mora",9200881
652,"Macklemore & Ryan Lewis, Macklemore, Ryan Lewis, Ray Dalton",9174983
653,"Veigh, Bvga Beatz, Prod Malax, Supernova Ent",8832844
654,"DJ Snake, Selena Gomez, Ozuna, Cardi B",26154598
655,"XXXTENTACION, Lil Pump, Swae Lee, Maluma",14455835
656,"Silk City, Dua Lipa, Diplo, Mark Ronson",5422098
657,"Sia, Diplo, Labrinth, LSD",5310165
658,"Tiësto, Dzeko, Preme, Post Malone",4987494
659,"Metro Boomin, Swae Lee, NAV, A Boogie Wit da Hoodie",12781937
660,"Macklemore & Ryan Lewis, Macklemore, Ryan Lewis, Ray Dalton",9011538
661,"Metro Boomin, Swae Lee, Lil Wayne, Offset",8763248
662,"Veigh, Bvga Beatz, Prod Malax, Supernova Ent",8313399
663,"SAIKO, Quevedo, Feid, Mora",8254946
664,"Tainy, Daddy Yankee, Feid, Sech",8007740
665,"Mesita, Nicki Nicole, Tiago PZK, Emilia",12508965
666,"Macklemore & Ryan Lewis, Macklemore, Ryan Lewis, Ray Dalton",10010144
667,"DJ Khaled, Justin Bieber, Quavo, Chance the Rapper",23916118
668,"Tiësto, Dzeko, Preme, Post Malone",17113663
669,"Nicky Jam, J Balvin, Maluma, Ozuna",7648654
670,"Sia, Diplo, Labrinth, LSD",6889225
671,"Rudimental, Jess Glynne, Macklemore, Dan Caplen",6379928
672,"YG, 2 Chainz, Big Sean, Nicki Minaj",6022830
673,"Daddy Yankee, NATTI NATASHA, Becky G, Bad Bunny",5686645
674,"Young Thug, Young Stoner Life, Gunna, Lil Baby",4474120
675,"Calvin Harris, Young Thug, Pharrell Williams, Ariana Grande",6825624
676,"J Balvin, Pharrell Williams, BIA, Sky Rompiendo",5007506
677,"IAmChino, Pitbull, Yandel, El Chacal",4881414
678,"DJ Khaled, Justin Bieber, Quavo, Chance the Rapper",27708887
679,"Tiësto, Dzeko, Preme, Post Malone",18749699
680,"Nicky Jam, J Balvin, Maluma, Ozuna",9284983
681,"YG, 2 Chainz, Big Sean, Nicki Minaj",7232158
682,"Rudimental, Jess Glynne, Macklemore, Dan Caplen",6754963
683,"Daddy Yankee, NATTI NATASHA, Becky G, Bad Bunny",6326977
684,"Sia, Diplo, Labrinth, LSD",3939686
685,"Major Lazer, Travis Scott, Camila Cabello, Quavo",12140977
686,"Chris Jedi, J Balvin, Ozuna, Arcángel",8030140
687,"DJ Khaled, Calvin Harris, Travis Scott, Jeremih",7335678
688,"Calvin Harris, Future, Khalid, Funk Wav",7316906
689,"2 Chainz, Ty Dolla $ign, Trey Songz, Jhené Aiko",4260473
690,"J Balvin, Pharrell Williams, BIA, Sky Rompiendo",3227721
691,"IAmChino, Pitbull, Yandel, El Chacal",3144626
692,"Macklemore & Ryan Lewis, Macklemore, Ryan Lewis, Ray Dalton",8475097
693,"Hailee Steinfeld, Alesso, Florida Georgia Line, WATT",13912384
694,"Martin Garrix, David Guetta, Jamie Scott, Romy Dya",8776414
695,"Rudimental, Jess Glynne, Macklemore, Dan Caplen",8111587
696,"Alan Walker, Noah Cyrus, Digital Farm Animals, Juliander",6979319
697,"Migos, Travis Scott, Ty Dolla $ign, Big Sean",6513207
698,"Jay Rock, Kendrick Lamar, Future, James Blake",5104211
699,"David Guetta, AFROJACK, Charli XCX, French Montana",3860221
700,"Internet Money, Gunna, Don Toliver, NAV",19551304
701,"J Balvin, Dua Lipa, Bad Bunny, Tainy",9189110
702,"Polo G, Stunna 4 Vegas, NLE Choppa, Mike WiLL Made-It",7492896
703,"A Boogie Wit da Hoodie, London On Da Track, Roddy Ricch, Gunna",6536453
704,"G Herbo, Lil Uzi Vert, Juice WRLD, Chance the Rapper",5347070
705,"Future, DaBaby, Drake, Lil Baby",5260351
706,"Rudimental, Jess Glynne, Macklemore, Dan Caplen",16590567
707,"Rae Sremmurd, Swae Lee, Slim Jxmmi, Juicy J",9616734
708,"Jay Rock, Kendrick Lamar, Future, James Blake",7189258
709,"Hailee Steinfeld, Alesso, Florida Georgia Line, WATT",6819966
710,"Alan Walker, Noah Cyrus, Digital Farm Animals, Juliander",4445719
711,"Rae Sremmurd, Swae Lee, Slim Jxmmi, Travis Scott",4428903
712,"Imagine Dragons, JID, Arcane, League of Legends",15625670
713,"Chris Jedi, Anuel AA, Chencho Corleone, Ñengo Flow",8445740
714,"Macklemore & Ryan Lewis, Macklemore, Ryan Lewis, Ray Dalton",5665835
715,"Imagine Dragons, JID, Arcane, League of Legends",24820064
716,"Riton, Nightcrawlers, Mufasa & Hypeman, Dopamine",6365075
717,"Joel Corry, Jax Jones, Charli XCX, Saweetie",5784108
718,"Calvin Harris, Young Thug, Pharrell Williams, Ariana Grande",6433993
719,"IAmChino, Pitbull, Yandel, El Chacal",4835241
720,"J Balvin, Pharrell Williams, BIA, Sky Rompiendo",4625504
721,"Chris Jedi, J Balvin, Ozuna, Arcángel",3807655
722,"J Balvin, Pharrell Williams, BIA, Sky Rompiendo",7310856
723,"IAmChino, Pitbull, Yandel, El Chacal",3982937
724,"Internet Money, Gunna, Don Toliver, NAV",28010531
725,"J Balvin, Dua Lipa, Bad Bunny, Tainy",12149450
726,"24kGoldn, Justin Bieber, J Balvin, iann dior",11928445
727,"Jack Harlow, Tory Lanez, DaBaby, Lil Wayne",6919914
728,"Chris Jedi, J Balvin, Ozuna, Arcángel",7813900
729,"J Balvin, Pharrell Williams, BIA, Sky Rompiendo",4067329
730,"IAmChino, Pitbull, Yandel, El Chacal",3872727
731,"Calvin Harris, Young Thug, Pharrell Williams, Ariana Grande",3250564
732,"Hailee Steinfeld, Alesso, Florida Georgia Line, WATT",12547566
733,"21 Savage, Offset, Metro Boomin, Travis Scott",10486087
734,"Lorde, Khalid, Post Malone, SZA",6304996
735,"Alan Walker, Noah Cyrus, Digital Farm Animals, Juliander",5684836
736,"Chris Jedi, J Balvin, Ozuna, Arcángel",5304873
737,"21 Savage, Offset, Metro Boomin, Quavo",4685789
738,"David Guetta, AFROJACK, Charli XCX, French Montana",4584851
739,"Chris Brown, Yo Gotti, A Boogie Wit da Hoodie, Kodak Black",3725161
740,"2 Chainz, Ty Dolla $ign, Trey Songz, Jhené Aiko",3404524
741,"Macklemore & Ryan Lewis, Macklemore, Ryan Lewis, Ray Dalton",9019394
742,"A Boogie Wit da Hoodie, London On Da Track, Roddy Ricch, Gunna",7643623
743,"Future, DaBaby, Drake, Lil Baby",6143239
744,"Polo G, Stunna 4 Vegas, NLE Choppa, Mike WiLL Made-It",5601464
745,"Jack Harlow, Tory Lanez, DaBaby, Lil Wayne",13631321
746,"Rauw Alejandro, Dalex, Lenny Tavárez, Dímelo Flow",8370993
747,"Miksu / Macloud, Summer Cem, Luciano, Jamule",5415994
748,"Riton, Nightcrawlers, Mufasa & Hypeman, Dopamine",17117733
749,"Internet Money, Gunna, Don Toliver, NAV",7941804
750,"Mc Davi, Mc Pedrinho, Mc Don Juan, DJ 900",7908879
751,"Young Stoner Life, Young Thug, Gunna, Drake",5883676
752,"J Balvin, Dua Lipa, Bad Bunny, Tainy",5314983
753,"DJ Snake, Selena Gomez, Ozuna, Cardi B",29542152
754,"Silk City, Dua Lipa, Diplo, Mark Ronson",15978272
755,"DJ Khaled, Justin Bieber, Quavo, Chance the Rapper",11963165
756,"Sia, Diplo, Labrinth, LSD",10705648
757,"Tiësto, Dzeko, Preme, Post Malone",9508743
758,"Jason Derulo, David Guetta, Nicki Minaj, Willy William",9022418
759,"YG, 2 Chainz, Big Sean, Nicki Minaj",5515973
760,"Rudimental, Jess Glynne, Macklemore, Dan Caplen",5147479
761,"Nicky Jam, J Balvin, Maluma, Ozuna",5103879
762,"Macklemore & Ryan Lewis, Macklemore, Ryan Lewis, Ray Dalton",8936050
763,"Anirudh Ravichander, Arijit Singh, Shilpa Rao, Kumaar",15080884
764,"Macklemore & Ryan Lewis, Macklemore, Ryan Lewis, Ray Dalton",9821467
765,"DJ Snake, Selena Gomez, Ozuna, Cardi B",15919714
766,"Tropkillaz, J Balvin, Anitta, ZAAC",8199863
767,"XXXTENTACION, Lil Pump, Swae Lee, Maluma",6960262
768,"ChocQuibTown, Zion & Lennox, Farruko, Manuel Turizo",5262789
769,"Silk City, Dua Lipa, Diplo, Mark Ronson",5185452
770,"Anirudh Ravichander, Arijit Singh, Shilpa Rao, Kumaar",16754558
771,"Macklemore & Ryan Lewis, Macklemore, Ryan Lewis, Ray Dalton",10020845
772,"DJ Snake, Selena Gomez, Ozuna, Cardi B",26364363
773,"XXXTENTACION, Lil Pump, Swae Lee, Maluma",14462429
774,"Silk City, Dua Lipa, Diplo, Mark Ronson",5533829
775,"Sia, Diplo, Labrinth, LSD",5458481
776,"Tiësto, Dzeko, Preme, Post Malone",5207974
777,"Rudimental, Jess Glynne, Macklemore, Dan Caplen",4853256
778,"Imagine Dragons, JID, Arcane, League of Legends",8871980
779,"Macklemore & Ryan Lewis, Macklemore, Ryan Lewis, Ray Dalton",7111631
780,"Imagine Dragons, JID, Arcane, League of Legends",17630328
781,"Joel Corry, Jax Jones, Charli XCX, Saweetie",8291622
782,"DJ Snake, Ozuna, Megan Thee Stallion, LISA",7308336
783,"MC Levin, DJ Nikolas Alves Exclusive, DJ Kaioken, DJ Gege",6247427
784,"Riton, Nightcrawlers, Mufasa & Hypeman, Dopamine",5860246
785,"Imagine Dragons, JID, Arcane, League of Legends",17032657
786,"Davi Kneip, Mc Frog, Dj Gabriel do Borel, Luísa Sonza",5600041
787,"Macklemore & Ryan Lewis, Macklemore, Ryan Lewis, Ray Dalton",8807925
788,"Veigh, Bvga Beatz, Prod Malax, Supernova Ent",8381105
789,"SZA, The Weeknd, Travis Scott, Game of Thrones",9734321
790,"DJ Snake, Selena Gomez, Ozuna, Cardi B",8815176
791,"benny blanco, Selena Gomez, J Balvin, Tainy",6932644
792,"Joel Corry, Jax Jones, Charli XCX, Saweetie",10206267
793,"Riton, Nightcrawlers, Mufasa & Hypeman, Dopamine",7823821
794,"Internet Money, Gunna, Don Toliver, NAV",5787674
795,"Jasleen Royal, B Praak, Romy, Anvita Dutt",5281989
796,"Internet Money, Gunna, Don Toliver, NAV",13490563
797,"Riton, Nightcrawlers, Mufasa & Hypeman, Dopamine",9640992
798,"J Balvin, Dua Lipa, Bad Bunny, Tainy",6835129
799,"Jack Harlow, Tory Lanez, DaBaby, Lil Wayne",5357108
800,"DJ Snake, Selena Gomez, Ozuna, Cardi B",7196003
801,"Jax Jones, Martin Solveig, Madison Beer, Europa",6386854
802,"Hailee Steinfeld, Alesso, Florida Georgia Line, WATT",5055346
803,"Major Lazer, Khalid, Death Stranding: Timefall, Diplo",5691541
804,"KSI, S-X, Rick Ross, Lil Baby",4777684
805,"Anitta, Lexa, Luísa Sonza, Rebecca",4719833
806,"DJ Snake, Selena Gomez, Ozuna, Cardi B",4431211
807,"Major Lazer, Travis Scott, Camila Cabello, Quavo",8609820
808,"Chris Jedi, J Balvin, Ozuna, Arcángel",7228989
809,"2 Chainz, Ty Dolla $ign, Trey Songz, Jhené Aiko",4998859
810,"Dimitri Vegas & Like Mike, David Guetta, Dimitri Vegas, Kiiara",3885632
811,"Calvin Harris, Future, Khalid, Funk Wav",3677809
812,"J Balvin, Pharrell Williams, BIA, Sky Rompiendo",6642647
813,"IAmChino, Pitbull, Yandel, El Chacal",5298454
814,"J Balvin, Dua Lipa, Bad Bunny, Tainy",18329866
815,"Jack Harlow, Tory Lanez, DaBaby, Lil Wayne",15798488
816,"Juice WRLD, Marshmello, The Kid LAROI, Polo G",9070520
817,"Rauw Alejandro, Dalex, Lenny Tavárez, Dímelo Flow",7814691
818,"Ty Dolla $ign, FKA twigs, Skrillex, Kanye West",5208709
819,"Polo G, Stunna 4 Vegas, NLE Choppa, Mike WiLL Made-It",6255489
820,"DJ Snake, Ozuna, Megan Thee Stallion, LISA",10721446
821,"Joel Corry, Jax Jones, Charli XCX, Saweetie",10539963
822,"Skylar Grey, Polo G, Mozzy, Eminem",6715888
823,"Riton, Nightcrawlers, Mufasa & Hypeman, Dopamine",6699045
824,"DJ Patrick Muniz, Dj Olliver, Mc Topre, Mc Rennan",6239005
825,"Internet Money, Gunna, Don Toliver, NAV",5496008
826,"Nardo Wick, G Herbo, Lil Durk, 21 Savage",5371354
827,"Riton, Nightcrawlers, Mufasa & Hypeman, Dopamine",10104000
828,"Jasleen Royal, B Praak, Romy, Anvita Dutt",7346918
829,"Joel Corry, Jax Jones, Charli XCX, Saweetie",6413378
830,"Internet Money, Gunna, Don Toliver, NAV",6082394
831,"Major Lazer, Travis Scott, Camila Cabello, Quavo",12137952
832,"Chris Jedi, J Balvin, Ozuna, Arcángel",8248405
833,"Calvin Harris, Future, Khalid, Funk Wav",6489368
834,"2 Chainz, Ty Dolla $ign, Trey Songz, Jhené Aiko",4677363
835,"Dimitri Vegas & Like Mike, David Guetta, Dimitri Vegas, Kiiara",3682933
836,"J Balvin, Pharrell Williams, BIA, Sky Rompiendo",3173083
837,"J Balvin, Dua Lipa, Bad Bunny, Tainy",17215322
838,"Jack Harlow, Tory Lanez, DaBaby, Lil Wayne",13670911
839,"Internet Money, Gunna, Don Toliver, NAV",8430931
840,"Rauw Alejandro, Dalex, Lenny Tavárez, Dímelo Flow",6792785
841,"Juice WRLD, Marshmello, The Kid LAROI, Polo G",6525012
842,"Dua Lipa, Madonna, Missy Elliott, The Blessed Madonna",5254969
843,"Mustard, NAV, Playboi Carti, A Boogie Wit da Hoodie",6309304
844,"Sebastian Yatra, Daddy Yankee, NATTI NATASHA, Jonas Brothers",5699091
845,"DJ Snake, Selena Gomez, Ozuna, Cardi B",5283881
846,"Anirudh Ravichander, Arijit Singh, Shilpa Rao, Kumaar",17534302
847,"Macklemore & Ryan Lewis, Macklemore, Ryan Lewis, Ray Dalton",9397446
848,"Internet Money, Gunna, Don Toliver, NAV",11761627
849,"Riton, Nightcrawlers, Mufasa & Hypeman, Dopamine",11283749
850,"J Balvin, Dua Lipa, Bad Bunny, Tainy",6645822
851,"Jack Harlow, Tory Lanez, DaBaby, Lil Wayne",5215498
852,"benny blanco, Selena Gomez, J Balvin, Tainy",16111773
853,"DJ Snake, Selena Gomez, Ozuna, Cardi B",14999590
854,"Tropkillaz, J Balvin, Anitta, ZAAC",6470269
855,"XXXTENTACION, Lil Pump, Swae Lee, Maluma",6466119
856,"ChocQuibTown, Zion & Lennox, Farruko, Manuel Turizo",5607248
857,"Silk City, Dua Lipa, Diplo, Mark Ronson",4754956
858,"DJ Snake, Selena Gomez, Ozuna, Cardi B",38165586
859,"XXXTENTACION, Lil Pump, Swae Lee, Maluma",21937752
860,"Silk City, Dua Lipa, Diplo, Mark Ronson",8621072
861,"Sia, Diplo, Labrinth, LSD",6825887
862,"Metro Boomin, Travis Scott, Kodak Black, 21 Savage",6624824
863,"Tiësto, Dzeko, Preme, Post Malone",6261693
864,"Jason Derulo, David Guetta, Nicki Minaj, Willy William",6009098
865,"DJ Khaled, Justin Bieber, Quavo, Chance the Rapper",5165321
866,"Rudimental, Jess Glynne, Macklemore, Dan Caplen",4492120
867,"YG, 2 Chainz, Big Sean, Nicki Minaj",4415352
868,"Nicky Jam, J Balvin, Maluma, Ozuna",4175321
869,"Rauw Alejandro, Dalex, Lenny Tavárez, Dímelo Flow",8491557
870,"Major Lazer, Khalid, Death Stranding: Timefall, Diplo",7950406
871,"Noriel, Myke Towers, Rauw Alejandro, Almighty",4568865
872,"Metro Boomin, Swae Lee, NAV, A Boogie Wit da Hoodie",18028247
873,"Metro Boomin, Swae Lee, Lil Wayne, Offset",17412528
874,"Veigh, Bvga Beatz, Prod Malax, Supernova Ent",9377605
875,"Macklemore & Ryan Lewis, Macklemore, Ryan Lewis, Ray Dalton",9027369
876,"Imagine Dragons, JID, Arcane, League of Legends",14915794
877,"Chris Jedi, Anuel AA, Chencho Corleone, Ñengo Flow",9073282
878,"Macklemore & Ryan Lewis, Macklemore, Ryan Lewis, Ray Dalton",5693961
879,"Internet Money, Gunna, Don Toliver, NAV",19955566
880,"J Balvin, Dua Lipa, Bad Bunny, Tainy",9233510
881,"Jack Harlow, Tory Lanez, DaBaby, Lil Wayne",6800459
882,"Major Lazer, Travis Scott, Camila Cabello, Quavo",12469995
883,"Chris Jedi, J Balvin, Ozuna, Arcángel",9571759
884,"Calvin Harris, Future, Khalid, Funk Wav",8880669
885,"2 Chainz, Ty Dolla $ign, Trey Songz, Jhené Aiko",4597375
886,"J Balvin, Pharrell Williams, BIA, Sky Rompiendo",3244729
887,"Imagine Dragons, JID, Arcane, League of Legends",10748281
888,"Chris Jedi, Anuel AA, Chencho Corleone, Ñengo Flow",10146078
889,"Calvin Harris, Justin Timberlake, Halsey, Pharrell Williams",7200371
890,"Mesita, Nicki Nicole, Tiago PZK, Emilia",11652047
891,"Riton, Nightcrawlers, Mufasa & Hypeman, Dopamine",15514908
892,"Internet Money, Gunna, Don Toliver, NAV",6840177
893,"BANDIDO, Duki, Rei, Tiago PZK",6475048
894,"Tyler, The Creator, YoungBoy Never Broke Again, Ty Dolla $ign",5696113
895,"Mc Davi, Mc Pedrinho, Mc Don Juan, DJ 900",5116589
896,"Internet Money, Gunna, Don Toliver, Lil Uzi Vert",5110475
897,"Internet Money, Gunna, Don Toliver, NAV",22618350
898,"J Balvin, Dua Lipa, Bad Bunny, Tainy",15447808
899,"Jack Harlow, Tory Lanez, DaBaby, Lil Wayne",12047779
900,"Rauw Alejandro, Dalex, Lenny Tavárez, Dímelo Flow",5805297
901,"Internet Money, Trippie Redd, Diplo, Juice WRLD",5216323
902,"Juice WRLD, Marshmello, The Kid LAROI, Polo G",5061360
903,"SZA, The Neptunes, Pharrell Williams, Ty Dolla $ign",5049863
904,"Riton, Nightcrawlers, Mufasa & Hypeman, Dopamine",17447086
905,"Internet Money, Gunna, Don Toliver, NAV",10143861
906,"J Balvin, Dua Lipa, Bad Bunny, Tainy",6113493
907,"Macklemore & Ryan Lewis, Macklemore, Ryan Lewis, Ray Dalton",5174246
908,"Rudimental, Jess Glynne, Macklemore, Dan Caplen",19079770
909,"Jay Rock, Kendrick Lamar, Future, James Blake",10628959
910,"Hailee Steinfeld, Alesso, Florida Georgia Line, WATT",9008754
911,"XXXTENTACION, Rio Santana, Judah, Andrez Babii",7887553
912,"Rae Sremmurd, Swae Lee, Slim Jxmmi, Juicy J",7592665
913,"Martin Garrix, David Guetta, Jamie Scott, Romy Dya",5683420
914,"Alan Walker, Noah Cyrus, Digital Farm Animals, Juliander",5332656
915,"DJ Khaled, JAY-Z, Future, Beyoncé",4117263
916,"KHEA, Bad Bunny, Duki, Cazzu",4087350
917,"SZA, The Weeknd, Travis Scott, Game of Thrones",12087846
918,"DJ Snake, Selena Gomez, Ozuna, Cardi B",9454260
919,"benny blanco, Selena Gomez, J Balvin, Tainy",8226404
920,"Sia, Diplo, Labrinth, LSD",4230747
921,"Anirudh Ravichander, Arijit Singh, Shilpa Rao, Kumaar",10670757
922,"Macklemore & Ryan Lewis, Macklemore, Ryan Lewis, Ray Dalton",9270658
923,"Hailee Steinfeld, Alesso, Florida Georgia Line, WATT",13078037
924,"Rudimental, Jess Glynne, Macklemore, Dan Caplen",12129784
925,"Martin Garrix, David Guetta, Jamie Scott, Romy Dya",8458631
926,"Alan Walker, Noah Cyrus, Digital Farm Animals, Juliander",6710186
927,"Jay Rock, Kendrick Lamar, Future, James Blake",5638327
928,"David Guetta, AFROJACK, Charli XCX, French Montana",3669042
929,"Imagine Dragons, JID, Arcane, League of Legends",8677380
930,"Macklemore & Ryan Lewis, Macklemore, Ryan Lewis, Ray Dalton",7522342
931,"Pablito Pesadilla, Polimá Westcoast, Nickoog Clk, Fran C",6683757
932,"Imagine Dragons, JID, Arcane, League of Legends",8459029
933,"DJ Jeeh FDC, MC Menor MT, Yuri Redicopa, Mc Pelé",7797383
934,"Macklemore & Ryan Lewis, Macklemore, Ryan Lewis, Ray Dalton",7688180
935,"Rudimental, Jess Glynne, Macklemore, Dan Caplen",12953045
936,"Daddy Yankee, NATTI NATASHA, Becky G, Bad Bunny",8348634
937,"Rae Sremmurd, Swae Lee, Slim Jxmmi, Juicy J",8206526
938,"Rita Ora, Charli XCX, Cardi B, Bebe Rexha",6799572
939,"Tiësto, Dzeko, Preme, Post Malone",6187577
940,"Jay Rock, Kendrick Lamar, Future, James Blake",5591414
941,"Sia, Diplo, Labrinth, LSD",5446465
942,"Diplo, French Montana, Lil Pump, Zhavia",5372588
943,"Hailee Steinfeld, Alesso, Florida Georgia Line, WATT",4332725
944,"Sia, Diplo, Labrinth, LSD",4093327
945,"Internet Money, Gunna, Don Toliver, NAV",24816100
946,"J Balvin, Dua Lipa, Bad Bunny, Tainy",10911826
947,"24kGoldn, Justin Bieber, J Balvin, iann dior",7080346
948,"Jack Harlow, Tory Lanez, DaBaby, Lil Wayne",6316628
949,"Rudimental, Jess Glynne, Macklemore, Dan Caplen",19683315
950,"Jay Rock, Kendrick Lamar, Future, James Blake",11257360
951,"Hailee Steinfeld, Alesso, Florida Georgia Line, WATT",9891879
952,"Martin Garrix, David Guetta, Jamie Scott, Romy Dya",6189544
953,"DJ Khaled, JAY-Z, Future, Beyoncé",5318359
954,"Alan Walker, Noah Cyrus, Digital Farm Animals, Juliander",5316752
955,"Rae Sremmurd, Swae Lee, Slim Jxmmi, Juicy J",4952541
956,"J Balvin, Pharrell Williams, BIA, Sky Rompiendo",7604273
957,"IAmChino, Pitbull, Yandel, El Chacal",4597041
958,"Rudimental, Jess Glynne, Macklemore, Dan Caplen",17806295
959,"Rae Sremmurd, Swae Lee, Slim Jxmmi, Juicy J",8637313
960,"Jay Rock, Kendrick Lamar, Future, James Blake",7717740
961,"Hailee Steinfeld, Alesso, Florida Georgia Line, WATT",7270032
962,"Alan Walker, Noah Cyrus, Digital Farm Animals, Juliander",4643803
963,"Martin Garrix, David Guetta, Jamie Scott, Romy Dya",4458049
964,"KHEA, Bad Bunny, Duki, Cazzu",3905861
965,"Internet Money, Gunna, Don Toliver, NAV",29828907
966,"J Balvin, Dua Lipa, Bad Bunny, Tainy",14932474
967,"Jack Harlow, Tory Lanez, DaBaby, Lil Wayne",11293536
968,"Rauw Alejandro, Dalex, Lenny Tavárez, Dímelo Flow",5306282
969,"Juice WRLD, Marshmello, The Kid LAROI, Polo G",4851997
970,"Internet Money, Trippie Redd, Diplo, Juice WRLD",4628159
971,"Major Lazer, Travis Scott, Camila Cabello, Quavo",12565784
972,"Chris Jedi, J Balvin, Ozuna, Arcángel",9235404
973,"Calvin Harris, Future, Khalid, Funk Wav",7851950
974,"J Balvin, Pharrell Williams, BIA, Sky Rompiendo",3699888
975,"IAmChino, Pitbull, Yandel, El Chacal",3405129
976,"Riton, Nightcrawlers, Mufasa & Hypeman, Dopamine",17015425
977,"Internet Money, Gunna, Don Toliver, NAV",10810277
978,"J Balvin, Dua Lipa, Bad Bunny, Tainy",6083725
979,"Macklemore & Ryan Lewis, Macklemore, Ryan Lewis, Ray Dalton",5089579
980,"Jack Harlow, Tory Lanez, DaBaby, Lil Wayne",4972518
981,"Rudimental, Jess Glynne, Macklemore, Dan Caplen",17531448
982,"Rae Sremmurd, Swae Lee, Slim Jxmmi, Juicy J",8493716
983,"Jay Rock, Kendrick Lamar, Future, James Blake",8370805
984,"Hailee Steinfeld, Alesso, Florida Georgia Line, WATT",7419876
985,"Alan Walker, Noah Cyrus, Digital Farm Animals, Juliander",4678108
986,"Martin Garrix, David Guetta, Jamie Scott, Romy Dya",4616174
987,"KHEA, Bad Bunny, Duki, Cazzu",3913921
988,"Imagine Dragons, JID, Arcane, League of Legends",23637334
989,"Xamã, Gustah, Neo Beats, Bagua Records",7514812
990,"Macklemore & Ryan Lewis, Macklemore, Ryan Lewis, Ray Dalton",5333554
991,"DJ Snake, Selena Gomez, Ozuna, Cardi B",33141182
992,"Silk City, Dua Lipa, Diplo, Mark Ronson",13685467
993,"Sia, Diplo, Labrinth, LSD",10270742
994,"DJ Khaled, Justin Bieber, Quavo, Chance the Rapper",9678529
995,"Jason Derulo, David Guetta, Nicki Minaj, Willy William",8687849
996,"Tiësto, Dzeko, Preme, Post Malone",8605939
997,"YG, 2 Chainz, Big Sean, Nicki Minaj",5461388
998,"Nicky Jam, J Balvin, Maluma, Ozuna",5151280
999,"Lil Baby, Gunna, Lil Durk, NAV",5041350
1000,"Rudimental, Jess Glynne, Macklemore, Dan Caplen",4974156
1001,"Rudimental, Jess Glynne, Macklemore, Dan Caplen",17508441
1002,"Jay Rock, Kendrick Lamar, Future, James Blake",12530784
1003,"Hailee Steinfeld, Alesso, Florida Georgia Line, WATT",12126692
1004,"Martin Garrix, David Guetta, Jamie Scott, Romy Dya",7924787
1005,"Alan Walker, Noah Cyrus, Digital Farm Animals, Juliander",6189494
1006,"Anirudh Ravichander, Arijit Singh, Shilpa Rao, Kumaar",16004426
1007,"Macklemore & Ryan Lewis, Macklemore, Ryan Lewis, Ray Dalton",9151299
1008,"Macklemore & Ryan Lewis, Macklemore, Ryan Lewis, Ray Dalton",10123232
1009,"Anirudh Ravichander, Arijit Singh, Shilpa Rao, Kumaar",9443687
1010,"Riton, Nightcrawlers, Mufasa & Hypeman, Dopamine",14997564
1011,"Internet Money, Gunna, Don Toliver, NAV",10643662
1012,"J Balvin, Dua Lipa, Bad Bunny, Tainy",6893966
1013,"Major Lazer, Travis Scott, Camila Cabello, Quavo",12664099
1014,"Chris Jedi, J Balvin, Ozuna, Arcángel",8609000
1015,"Calvin Harris, Future, Khalid, Funk Wav",7829911
1016,"2 Chainz, Ty Dolla $ign, Trey Songz, Jhené Aiko",4528111
1017,"J Balvin, Pharrell Williams, BIA, Sky Rompiendo",3505922
1018,"IAmChino, Pitbull, Yandel, El Chacal",3311487
1019,"Hailee Steinfeld, Alesso, Florida Georgia Line, WATT",14630730
1020,"Martin Garrix, David Guetta, Jamie Scott, Romy Dya",9799207
1021,"Alan Walker, Noah Cyrus, Digital Farm Animals, Juliander",8009107
1022,"David Guetta, AFROJACK, Charli XCX, French Montana",4458215
1023,"Chris Jedi, J Balvin, Ozuna, Arcángel",4414661
1024,"21 Savage, Offset, Metro Boomin, Travis Scott",4290235
1025,"Huncho Jack, Travis Scott, Quavo, Offset",3561188
1026,"Macklemore & Ryan Lewis, Macklemore, Ryan Lewis, Ray Dalton",8886956
1027,"Imagine Dragons, JID, Arcane, League of Legends",25356579
1028,"Xamã, Gustah, Neo Beats, Bagua Records",8544423
1029,"Tiago PZK, LIT killah, Maria Becerra, Nicki Nicole",6265463
1030,"Macklemore & Ryan Lewis, Macklemore, Ryan Lewis, Ray Dalton",5441818
1031,"Sebastian Yatra, Daddy Yankee, NATTI NATASHA, Jonas Brothers",8321668
1032,"Dreamville, J. Cole, Lute, DaBaby",7594957
1033,"DJ Snake, Selena Gomez, Ozuna, Cardi B",6601126
1034,"MACHETE, Dani Faiv, thasup, Fabri Fibra",5952166
1035,"Mustard, NAV, Playboi Carti, A Boogie Wit da Hoodie",5321063
1036,"MACHETE, Salmo, Nitro, Marracash",4939508
1037,"Jax Jones, Martin Solveig, Madison Beer, Europa",4529531
1038,"Rudimental, Jess Glynne, Macklemore, Dan Caplen",15685933
1039,"Hailee Steinfeld, Alesso, Florida Georgia Line, WATT",12626097
1040,"Jay Rock, Kendrick Lamar, Future, James Blake",11969348
1041,"Martin Garrix, David Guetta, Jamie Scott, Romy Dya",8026268
1042,"Alan Walker, Noah Cyrus, Digital Farm Animals, Juliander",6393498
1043,"DJ Snake, Selena Gomez, Ozuna, Cardi B",11403465
1044,"benny blanco, Selena Gomez, J Balvin, Tainy",11308274
1045,"Tropkillaz, J Balvin, Anitta, ZAAC",5358630
1046,"XXXTENTACION, Lil Pump, Swae Lee, Maluma",5022837
1047,"ChocQuibTown, Zion & Lennox, Farruko, Manuel Turizo",4789515
1048,"Sia, Diplo, Labrinth, LSD",4738902
1049,"Macklemore & Ryan Lewis, Macklemore, Ryan Lewis, Ray Dalton",9847712
1050,"Anirudh Ravichander, Arijit Singh, Shilpa Rao, Kumaar",9560494
1051,"French Montana, Rvssian, Post Malone, Cardi B",8834756
1052,"DJ Snake, Selena Gomez, Ozuna, Cardi B",4768039
1053,"Noriel, Myke Towers, Rauw Alejandro, Almighty",4568502
1054,"Tiësto, Dzeko, Preme, Post Malone",17445103
1055,"Rudimental, Jess Glynne, Macklemore, Dan Caplen",9069664
1056,"Daddy Yankee, NATTI NATASHA, Becky G, Bad Bunny",8207814
1057,"Nicky Jam, J Balvin, Maluma, Ozuna",6645232
1058,"Sia, Diplo, Labrinth, LSD",5895004
1059,"Rita Ora, Charli XCX, Cardi B, Bebe Rexha",4778085
1060,"Rae Sremmurd, Swae Lee, Slim Jxmmi, Juicy J",4717596
1061,"YG, 2 Chainz, Big Sean, Nicki Minaj",4162724
1062,"Bad Bunny, Arcángel, De La Ghetto, Ñengo Flow",15428944
1063,"Anirudh Ravichander, Arijit Singh, Shilpa Rao, Kumaar",13192125
1064,"Macklemore & Ryan Lewis, Macklemore, Ryan Lewis, Ray Dalton",9664522
1065,"J Balvin, Pharrell Williams, BIA, Sky Rompiendo",5922341
1066,"IAmChino, Pitbull, Yandel, El Chacal",5028256
1067,"DJ Snake, Selena Gomez, Ozuna, Cardi B",32878967
1068,"XXXTENTACION, Lil Pump, Swae Lee, Maluma",20003115
1069,"Silk City, Dua Lipa, Diplo, Mark Ronson",7179883
1070,"Sia, Diplo, Labrinth, LSD",6060770
1071,"Tiësto, Dzeko, Preme, Post Malone",5569584
1072,"Jason Derulo, David Guetta, Nicki Minaj, Willy William",4981665
1073,"DJ Khaled, Justin Bieber, Quavo, Chance the Rapper",4652567
1074,"Rudimental, Jess Glynne, Macklemore, Dan Caplen",4176736
1075,"YG, 2 Chainz, Big Sean, Nicki Minaj",4153739
1076,"Sebastian Yatra, Daddy Yankee, NATTI NATASHA, Jonas Brothers",7640006
1077,"DJ Snake, Selena Gomez, Ozuna, Cardi B",6328802
1078,"Mustard, NAV, Playboi Carti, A Boogie Wit da Hoodie",5215962
1079,"Blue Ivy, SAINt JHN, Beyoncé, Wizkid",4904291
1080,"DJ Snake, Sean Paul, Anitta, Tainy",4426272
1081,"Beyoncé, JAY-Z, Childish Gambino, Oumou Sangaré",4425232
1082,"Hailee Steinfeld, Alesso, Florida Georgia Line, WATT",8510552
1083,"Lorde, Khalid, Post Malone, SZA",7897754
1084,"Chris Jedi, J Balvin, Ozuna, Arcángel",5880334
1085,"Major Lazer, Travis Scott, Camila Cabello, Quavo",4303867
1086,"2 Chainz, Ty Dolla $ign, Trey Songz, Jhené Aiko",3724104
1087,"DJ Snake, Selena Gomez, Ozuna, Cardi B",21435790
1088,"XXXTENTACION, Lil Pump, Swae Lee, Maluma",11782058
1089,"Silk City, Dua Lipa, Diplo, Mark Ronson",5485879
1090,"Sia, Diplo, Labrinth, LSD",5021106
1091,"Tiësto, Dzeko, Preme, Post Malone",4819228
1092,"NOTD, Felix Jaehn, Captain Cuts, Georgia Ku",4811741
1093,"Rudimental, Jess Glynne, Macklemore, Dan Caplen",4758934
1094,"Hailee Steinfeld, Alesso, Florida Georgia Line, WATT",4440836
1095,"DJ Khaled, Justin Bieber, Quavo, Chance the Rapper",19555907
1096,"Tiësto, Dzeko, Preme, Post Malone",14460718
1097,"Sia, Diplo, Labrinth, LSD",9170174
1098,"Jason Derulo, David Guetta, Nicki Minaj, Willy William",6621419
1099,"Nicky Jam, J Balvin, Maluma, Ozuna",6532223
1100,"YG, 2 Chainz, Big Sean, Nicki Minaj",5917021
1101,"Rudimental, Jess Glynne, Macklemore, Dan Caplen",5612595
1102,"Daddy Yankee, NATTI NATASHA, Becky G, Bad Bunny",5121034
1103,"Young Thug, Young Stoner Life, Gunna, Lil Baby",3835618
1104,"Joel Corry, Jax Jones, Charli XCX, Saweetie",10741703
1105,"Skylar Grey, Polo G, Mozzy, Eminem",7283226
1106,"Riton, Nightcrawlers, Mufasa & Hypeman, Dopamine",6841584
1107,"DJ Patrick Muniz, Dj Olliver, Mc Topre, Mc Rennan",6180251
1108,"Internet Money, Gunna, Don Toliver, NAV",5505823
1109,"Nardo Wick, G Herbo, Lil Durk, 21 Savage",5402707
1110,"Imagine Dragons, JID, Arcane, League of Legends",22999469
1111,"Xamã, Gustah, Neo Beats, Bagua Records",6720768
1112,"Davi Kneip, Mc Frog, Dj Gabriel do Borel, Luísa Sonza",6529230
1113,"Macklemore & Ryan Lewis, Macklemore, Ryan Lewis, Ray Dalton",5551041
1114,"Tiësto, Dzeko, Preme, Post Malone",11193884
1115,"Rudimental, Jess Glynne, Macklemore, Dan Caplen",11100954
1116,"Daddy Yankee, NATTI NATASHA, Becky G, Bad Bunny",8415565
1117,"Sia, Diplo, Labrinth, LSD",7189317
1118,"Rita Ora, Charli XCX, Cardi B, Bebe Rexha",6896670
1119,"Rae Sremmurd, Swae Lee, Slim Jxmmi, Juicy J",6226249
1120,"Diplo, French Montana, Lil Pump, Zhavia",5797127
1121,"Jay Rock, Kendrick Lamar, Future, James Blake",4672400
1122,"Mesita, Nicki Nicole, Tiago PZK, Emilia",12781512
1123,"Macklemore & Ryan Lewis, Macklemore, Ryan Lewis, Ray Dalton",8387881
1124,"Imagine Dragons, JID, Arcane, League of Legends",7525831
1125,"Hailee Steinfeld, Alesso, Florida Georgia Line, WATT",13168070
1126,"Alan Walker, Noah Cyrus, Digital Farm Animals, Juliander",7644988
1127,"21 Savage, Offset, Metro Boomin, Travis Scott",6785782
1128,"David Guetta, AFROJACK, Charli XCX, French Montana",5276851
1129,"Lorde, Khalid, Post Malone, SZA",5274326
1130,"Chris Jedi, J Balvin, Ozuna, Arcángel",5138604
1131,"De La Ghetto, Daddy Yankee, Ozuna, Chris Jedi",3473575
1132,"Chris Brown, Yo Gotti, A Boogie Wit da Hoodie, Kodak Black",3429602
1133,"DJ Snake, Selena Gomez, Ozuna, Cardi B",7729512
1134,"Jax Jones, Martin Solveig, Madison Beer, Europa",6712327
1135,"benny blanco, Selena Gomez, J Balvin, Tainy",5615931
1136,"DJ Khaled, Chris Brown, Lil Wayne, Big Sean",5381713
1137,"SZA, The Weeknd, Travis Scott, Game of Thrones",5369303
1138,"Hailee Steinfeld, Alesso, Florida Georgia Line, WATT",5043078
1139,"Pablito Pesadilla, Polimá Westcoast, Nickoog Clk, Fran C",9744339
1140,"Imagine Dragons, JID, Arcane, League of Legends",8794802
1141,"Macklemore & Ryan Lewis, Macklemore, Ryan Lewis, Ray Dalton",6816579
1142,"Rauw Alejandro, Dalex, Lenny Tavárez, Dímelo Flow",6861844
1143,"G Herbo, Lil Uzi Vert, Juice WRLD, Chance the Rapper",5429383
1144,"Riton, Nightcrawlers, Mufasa & Hypeman, Dopamine",14273637
1145,"BANDIDO, Duki, Rei, Tiago PZK",6709106
1146,"Internet Money, Gunna, Don Toliver, NAV",6697067
1147,"Imagine Dragons, JID, Arcane, League of Legends",21330285
1148,"Davi Kneip, Mc Frog, Dj Gabriel do Borel, Luísa Sonza",7281568
1149,"Macklemore & Ryan Lewis, Macklemore, Ryan Lewis, Ray Dalton",5726116
1150,"DJ Snake, Selena Gomez, Ozuna, Cardi B",24784744
1151,"XXXTENTACION, Lil Pump, Swae Lee, Maluma",12674714
1152,"Silk City, Dua Lipa, Diplo, Mark Ronson",5627393
1153,"Tiësto, Dzeko, Preme, Post Malone",5226205
1154,"Rudimental, Jess Glynne, Macklemore, Dan Caplen",5084818
1155,"Sia, Diplo, Labrinth, LSD",5058169
1156,"DJ Khaled, Justin Bieber, Quavo, Chance the Rapper",4318986
1157,"Hailee Steinfeld, Alesso, Florida Georgia Line, WATT",4093084
1158,"Internet Money, Gunna, Don Toliver, NAV",28685476
1159,"J Balvin, Dua Lipa, Bad Bunny, Tainy",12758960
1160,"Jack Harlow, Tory Lanez, DaBaby, Lil Wayne",7146881
1161,"Internet Money, Gunna, Don Toliver, NAV",22798066
1162,"J Balvin, Dua Lipa, Bad Bunny, Tainy",10663666
1163,"Jack Harlow, Tory Lanez, DaBaby, Lil Wayne",6275914
1164,"24kGoldn, Justin Bieber, J Balvin, iann dior",6107081
1165,"Anirudh Ravichander, Arijit Singh, Shilpa Rao, Kumaar",10705254
1166,"Macklemore & Ryan Lewis, Macklemore, Ryan Lewis, Ray Dalton",8618077
1167,"Rudimental, Jess Glynne, Macklemore, Dan Caplen",13435439
1168,"Rita Ora, Charli XCX, Cardi B, Bebe Rexha",8480999
1169,"Rae Sremmurd, Swae Lee, Slim Jxmmi, Juicy J",8350336
1170,"Daddy Yankee, NATTI NATASHA, Becky G, Bad Bunny",7806230
1171,"Sia, Diplo, Labrinth, LSD",6572991
1172,"Jay Rock, Kendrick Lamar, Future, James Blake",6264344
1173,"Sia, Diplo, Labrinth, LSD",5443651
1174,"Hailee Steinfeld, Alesso, Florida Georgia Line, WATT",4910625
1175,"Rudimental, Jess Glynne, Macklemore, Dan Caplen",17769573
1176,"Rae Sremmurd, Swae Lee, Slim Jxmmi, Juicy J",9381844
1177,"Jay Rock, Kendrick Lamar, Future, James Blake",7287386
1178,"Hailee Steinfeld, Alesso, Florida Georgia Line, WATT",6989573
1179,"Alan Walker, Noah Cyrus, Digital Farm Animals, Juliander",4720121
1180,"Martin Garrix, David Guetta, Jamie Scott, Romy Dya",4139051
1181,"Major Lazer, Khalid, Death Stranding: Timefall, Diplo",6481289
1182,"Noriel, Myke Towers, Rauw Alejandro, Almighty",4395525
1183,"Chris Jedi, J Balvin, Ozuna, Arcángel",6660054
1184,"Major Lazer, Travis Scott, Camila Cabello, Quavo",6336376
1185,"Hailee Steinfeld, Alesso, Florida Georgia Line, WATT",5965203
1186,"2 Chainz, Ty Dolla $ign, Trey Songz, Jhené Aiko",4595730
1187,"Dimitri Vegas & Like Mike, David Guetta, Dimitri Vegas, Kiiara",3612926
1188,"Imagine Dragons, JID, Arcane, League of Legends",25566516
1189,"Riton, Nightcrawlers, Mufasa & Hypeman, Dopamine",5920712
1190,"Rudimental, Jess Glynne, Macklemore, Dan Caplen",18540453
1191,"Jay Rock, Kendrick Lamar, Future, James Blake",12487513
1192,"Hailee Steinfeld, Alesso, Florida Georgia Line, WATT",11983463
1193,"Martin Garrix, David Guetta, Jamie Scott, Romy Dya",7535766
1194,"Alan Walker, Noah Cyrus, Digital Farm Animals, Juliander",5741724
1195,"A$AP Rocky, Gucci Mane, 21 Savage, London On Da Track",3823251
1196,"Hailee Steinfeld, Alesso, Florida Georgia Line, WATT",12828683
1197,"21 Savage, Offset, Metro Boomin, Travis Scott",7863524
1198,"Alan Walker, Noah Cyrus, Digital Farm Animals, Juliander",6324746
1199,"Lorde, Khalid, Post Malone, SZA",5839176
1200,"Chris Jedi, J Balvin, Ozuna, Arcángel",5350183
1201,"David Guetta, AFROJACK, Charli XCX, French Montana",5167474
1202,"De La Ghetto, Daddy Yankee, Ozuna, Chris Jedi",3507855
1203,"Chris Brown, Yo Gotti, A Boogie Wit da Hoodie, Kodak Black",3485576
1204,"2 Chainz, Ty Dolla $ign, Trey Songz, Jhené Aiko",3312645
1205,"Rudimental, Jess Glynne, Macklemore, Dan Caplen",12239055
1206,"Daddy Yankee, NATTI NATASHA, Becky G, Bad Bunny",8594481
1207,"Tiësto, Dzeko, Preme, Post Malone",7665495
1208,"Rae Sremmurd, Swae Lee, Slim Jxmmi, Juicy J",7646448
1209,"Diplo, French Montana, Lil Pump, Zhavia",6934878
1210,"A$AP Rocky, Moby, T.I., Kid Cudi",6099486
1211,"Rita Ora, Charli XCX, Cardi B, Bebe Rexha",6074720
1212,"Jay Rock, Kendrick Lamar, Future, James Blake",5350538
1213,"Sia, Diplo, Labrinth, LSD",5109193
1214,"Sia, Diplo, Labrinth, LSD",4394215
1215,"Anitta, Lexa, Luísa Sonza, Rebecca",5997619
1216,"Major Lazer, Khalid, Death Stranding: Timefall, Diplo",4890061
1217,"Imagine Dragons, JID, Arcane, League of Legends",20023371
1218,"Davi Kneip, Mc Frog, Dj Gabriel do Borel, Luísa Sonza",6684093
1219,"Macklemore & Ryan Lewis, Macklemore, Ryan Lewis, Ray Dalton",5553702
1220,"DJ Snake, Selena Gomez, Ozuna, Cardi B",10502188
1221,"benny blanco, Selena Gomez, J Balvin, Tainy",9850895
1222,"Tropkillaz, J Balvin, Anitta, ZAAC",5128453
1223,"XXXTENTACION, Lil Pump, Swae Lee, Maluma",4756198
1224,"ChocQuibTown, Zion & Lennox, Farruko, Manuel Turizo",4562642
1225,"DJ Snake, Selena Gomez, Ozuna, Cardi B",5393638
1226,"Anitta, Lexa, Luísa Sonza, Rebecca",5236664
1227,"Imagine Dragons, JID, Arcane, League of Legends",19670058
1228,"Davi Kneip, Mc Frog, Dj Gabriel do Borel, Luísa Sonza",6403310
1229,"Macklemore & Ryan Lewis, Macklemore, Ryan Lewis, Ray Dalton",5601716
1230,"DJ Snake, Selena Gomez, Ozuna, Cardi B",17260860
1231,"XXXTENTACION, Lil Pump, Swae Lee, Maluma",7958710
1232,"NOTD, Felix Jaehn, Captain Cuts, Georgia Ku",5735721
1233,"Silk City, Dua Lipa, Diplo, Mark Ronson",5504440
1234,"Imagine Dragons, JID, Arcane, League of Legends",22829588
1235,"Davi Kneip, Mc Frog, Dj Gabriel do Borel, Luísa Sonza",9211193
1236,"Xamã, Gustah, Neo Beats, Bagua Records",6478542
1237,"Macklemore & Ryan Lewis, Macklemore, Ryan Lewis, Ray Dalton",5542621
1238,"Imagine Dragons, JID, Arcane, League of Legends",7892829
1239,"Macklemore & Ryan Lewis, Macklemore, Ryan Lewis, Ray Dalton",7421209
1240,"Sebastian Yatra, Daddy Yankee, NATTI NATASHA, Jonas Brothers",6473097
1241,"Mustard, NAV, Playboi Carti, A Boogie Wit da Hoodie",5641168
1242,"DJ Snake, Selena Gomez, Ozuna, Cardi B",5584244
1243,"Internet Money, Gunna, Don Toliver, NAV",14236529
1244,"J Balvin, Dua Lipa, Bad Bunny, Tainy",6973995
1245,"Riton, Nightcrawlers, Mufasa & Hypeman, Dopamine",6804672
1246,"Jack Harlow, Tory Lanez, DaBaby, Lil Wayne",5459352
1247,"Sebastian Yatra, Daddy Yankee, NATTI NATASHA, Jonas Brothers",9284418
1248,"DJ Snake, Selena Gomez, Ozuna, Cardi B",6857440
1249,"Jax Jones, Martin Solveig, Madison Beer, Europa",5185999
1250,"DJ Snake, Selena Gomez, Ozuna, Cardi B",10147170
1251,"benny blanco, Selena Gomez, J Balvin, Tainy",9461862
1252,"Sia, Diplo, Labrinth, LSD",5290582
1253,"Tropkillaz, J Balvin, Anitta, ZAAC",4713985
1254,"XXXTENTACION, Lil Pump, Swae Lee, Maluma",4533835
1255,"ChocQuibTown, Zion & Lennox, Farruko, Manuel Turizo",4486084
1256,"Macklemore & Ryan Lewis, Macklemore, Ryan Lewis, Ray Dalton",9277569
1257,"Riton, Nightcrawlers, Mufasa & Hypeman, Dopamine",11840744
1258,"Jasleen Royal, B Praak, Romy, Anvita Dutt",7690546
1259,"Internet Money, Gunna, Don Toliver, NAV",6289735
1260,"Joel Corry, Jax Jones, Charli XCX, Saweetie",5706809
1261,"BANDIDO, Duki, Rei, Tiago PZK",5488248
1262,"Imagine Dragons, JID, Arcane, League of Legends",26297758
1263,"Xamã, Gustah, Neo Beats, Bagua Records",10865853
1264,"Tiago PZK, LIT killah, Maria Becerra, Nicki Nicole",9996959
1265,"Joel Corry, Jax Jones, Charli XCX, Saweetie",5756873
1266,"Riton, Nightcrawlers, Mufasa & Hypeman, Dopamine",5741857
1267,"DJ Matt D, Menor MC, MC GP, Vulgo FK",5479072
1268,"Metro Boomin, Swae Lee, NAV, A Boogie Wit da Hoodie",20500463
1269,"Metro Boomin, Swae Lee, Lil Wayne, Offset",17246763
1270,"SAIKO, Quevedo, Feid, Mora",12102612
1271,"Veigh, Bvga Beatz, Prod Malax, Supernova Ent",9243524
1272,"Macklemore & Ryan Lewis, Macklemore, Ryan Lewis, Ray Dalton",8961576
1273,"Riton, Nightcrawlers, Mufasa & Hypeman, Dopamine",15963923
1274,"Tyler, The Creator, YoungBoy Never Broke Again, Ty Dolla $ign",10360127
1275,"Internet Money, Gunna, Don Toliver, NAV",6809642
1276,"Mc Davi, Mc Pedrinho, Mc Don Juan, DJ 900",5994410
1277,"BANDIDO, Duki, Rei, Tiago PZK",5976747
1278,"Tyler, The Creator, Lil Uzi Vert, Pharrell Williams",5392334
1279,"Internet Money, Gunna, Don Toliver, Lil Uzi Vert",5086639
1280,"Imagine Dragons, JID, Arcane, League of Legends",7777103
1281,"Macklemore & Ryan Lewis, Macklemore, Ryan Lewis, Ray Dalton",7432128
1282,"DJ Khaled, Justin Bieber, Quavo, Chance the Rapper",17791581
1283,"Silk City, Dua Lipa, Diplo, Mark Ronson",15553196
1284,"Tiësto, Dzeko, Preme, Post Malone",13106747
1285,"Sia, Diplo, Labrinth, LSD",11400387
1286,"Jason Derulo, David Guetta, Nicki Minaj, Willy William",7010255
1287,"Nicky Jam, J Balvin, Maluma, Ozuna",6246595
1288,"YG, 2 Chainz, Big Sean, Nicki Minaj",5920134
1289,"Rudimental, Jess Glynne, Macklemore, Dan Caplen",5309404
1290,"Daddy Yankee, NATTI NATASHA, Becky G, Bad Bunny",4883087
1291,"DJ Snake, Selena Gomez, Ozuna, Cardi B",30680881
1292,"XXXTENTACION, Lil Pump, Swae Lee, Maluma",18458056
1293,"Silk City, Dua Lipa, Diplo, Mark Ronson",6794242
1294,"Sia, Diplo, Labrinth, LSD",5933595
1295,"Tiësto, Dzeko, Preme, Post Malone",5183484
1296,"Jason Derulo, David Guetta, Nicki Minaj, Willy William",4678582
1297,"DJ Khaled, Justin Bieber, Quavo, Chance the Rapper",4234120
1298,"Imagine Dragons, JID, Arcane, League of Legends",8479657
1299,"Macklemore & Ryan Lewis, Macklemore, Ryan Lewis, Ray Dalton",7264774
1300,"MEDUZA, James Carter, Elley Duhé, FAST BOY",6495899
1301,"Anirudh Ravichander, Arijit Singh, Shilpa Rao, Kumaar",11526969
1302,"Macklemore & Ryan Lewis, Macklemore, Ryan Lewis, Ray Dalton",9613056
1303,"Internet Money, Gunna, Don Toliver, NAV",13916212
1304,"J Balvin, Dua Lipa, Bad Bunny, Tainy",7242887
1305,"Jack Harlow, Tory Lanez, DaBaby, Lil Wayne",5343771
1306,"A Boogie Wit da Hoodie, London On Da Track, Roddy Ricch, Gunna",10131859
1307,"Polo G, Stunna 4 Vegas, NLE Choppa, Mike WiLL Made-It",5343301
1308,"DJ Khaled, Justin Bieber, Quavo, Chance the Rapper",21883612
1309,"Tiësto, Dzeko, Preme, Post Malone",15933725
1310,"Nicky Jam, J Balvin, Maluma, Ozuna",6821843
1311,"Sia, Diplo, Labrinth, LSD",6723267
1312,"Rudimental, Jess Glynne, Macklemore, Dan Caplen",6075382
1313,"YG, 2 Chainz, Big Sean, Nicki Minaj",6058619
1314,"Daddy Yankee, NATTI NATASHA, Becky G, Bad Bunny",5471374
1315,"Jason Derulo, David Guetta, Nicki Minaj, Willy William",5361247
1316,"Young Thug, Young Stoner Life, Gunna, Lil Baby",4274274
1317,"Macklemore & Ryan Lewis, Macklemore, Ryan Lewis, Ray Dalton",8004253
1318,"Imagine Dragons, JID, Arcane, League of Legends",7825816
1319,"Macklemore & Ryan Lewis, Macklemore, Ryan Lewis, Ray Dalton",9620407
1320,"Anirudh Ravichander, Arijit Singh, Shilpa Rao, Kumaar",9205728
1321,"Tiësto, Dzeko, Preme, Post Malone",18061453
1322,"Rudimental, Jess Glynne, Macklemore, Dan Caplen",9804042
1323,"Daddy Yankee, NATTI NATASHA, Becky G, Bad Bunny",8416746
1324,"Rita Ora, Charli XCX, Cardi B, Bebe Rexha",6563140
1325,"Sia, Diplo, Labrinth, LSD",6553281
1326,"Rae Sremmurd, Swae Lee, Slim Jxmmi, Juicy J",5462017
1327,"Jay Rock, Kendrick Lamar, Future, James Blake",4016316
1328,"Riton, Nightcrawlers, Mufasa & Hypeman, Dopamine",18551653
1329,"Internet Money, Gunna, Don Toliver, NAV",8794899
1330,"Young Stoner Life, Young Thug, Gunna, Drake",7586146
1331,"J Balvin, Dua Lipa, Bad Bunny, Tainy",5616494
1332,"Macklemore & Ryan Lewis, Macklemore, Ryan Lewis, Ray Dalton",5115904
1333,"Imagine Dragons, JID, Arcane, League of Legends",21399051
1334,"Davi Kneip, Mc Frog, Dj Gabriel do Borel, Luísa Sonza",7451423
1335,"Macklemore & Ryan Lewis, Macklemore, Ryan Lewis, Ray Dalton",5521363
1336,"Xamã, Gustah, Neo Beats, Bagua Records",5352236
1337,"Internet Money, Gunna, Don Toliver, NAV",30463204
1338,"J Balvin, Dua Lipa, Bad Bunny, Tainy",13123022
1339,"Jack Harlow, Tory Lanez, DaBaby, Lil Wayne",8085252
1340,"Rauw Alejandro, Dalex, Lenny Tavárez, Dímelo Flow",4607003
1341,"DJ Snake, Selena Gomez, Ozuna, Cardi B",40096470
1342,"Silk City, Dua Lipa, Diplo, Mark Ronson",11773257
1343,"Jason Derulo, David Guetta, Nicki Minaj, Willy William",7757379
1344,"Sia, Diplo, Labrinth, LSD",7741036
1345,"Tiësto, Dzeko, Preme, Post Malone",7537493
1346,"DJ Khaled, Justin Bieber, Quavo, Chance the Rapper",7086158
1347,"Rudimental, Jess Glynne, Macklemore, Dan Caplen",4891823
1348,"Nicky Jam, J Balvin, Maluma, Ozuna",4693820
1349,"YG, 2 Chainz, Big Sean, Nicki Minaj",4692688
1350,"Macklemore & Ryan Lewis, Macklemore, Ryan Lewis, Ray Dalton",8859796
1351,"Rauw Alejandro, Dalex, Lenny Tavárez, Dímelo Flow",8658605
1352,"Hailee Steinfeld, Alesso, Florida Georgia Line, WATT",13689724
1353,"Alan Walker, Noah Cyrus, Digital Farm Animals, Juliander",7678479
1354,"21 Savage, Offset, Metro Boomin, Travis Scott",6368971
1355,"David Guetta, AFROJACK, Charli XCX, French Montana",5098782
1356,"Lorde, Khalid, Post Malone, SZA",4986782
1357,"Chris Jedi, J Balvin, Ozuna, Arcángel",4875163
1358,"Chris Brown, Yo Gotti, A Boogie Wit da Hoodie, Kodak Black",3413497
1359,"De La Ghetto, Daddy Yankee, Ozuna, Chris Jedi",3403584
1360,"Anirudh Ravichander, Arijit Singh, Shilpa Rao, Kumaar",10584117
1361,"Macklemore & Ryan Lewis, Macklemore, Ryan Lewis, Ray Dalton",9128863
1362,"Macklemore & Ryan Lewis, Macklemore, Ryan Lewis, Ray Dalton",8721481
1363,"Veigh, Bvga Beatz, Prod Malax, Supernova Ent",8183573
1364,"Rauw Alejandro, Dalex, Lenny Tavárez, Dímelo Flow",5858708
1365,"G Herbo, Lil Uzi Vert, Juice WRLD, Chance the Rapper",5265832
1366,"Polo G, Stunna 4 Vegas, NLE Choppa, Mike WiLL Made-It",5120913
1367,"Rudimental, Jess Glynne, Macklemore, Dan Caplen",19129919
1368,"Jay Rock, Kendrick Lamar, Future, James Blake",9493443
1369,"Rae Sremmurd, Swae Lee, Slim Jxmmi, Juicy J",8667428
1370,"Hailee Steinfeld, Alesso, Florida Georgia Line, WATT",8379262
1371,"Alan Walker, Noah Cyrus, Digital Farm Animals, Juliander",5283122
1372,"Martin Garrix, David Guetta, Jamie Scott, Romy Dya",5167864
1373,"XXXTENTACION, Rio Santana, Judah, Andrez Babii",5030529
1374,"KHEA, Bad Bunny, Duki, Cazzu",4535647
1375,"Imagine Dragons, JID, Arcane, League of Legends",7763246
1376,"Tiësto, Dzeko, Preme, Post Malone",20880528
1377,"Nicky Jam, J Balvin, Maluma, Ozuna",11380927
1378,"Rudimental, Jess Glynne, Macklemore, Dan Caplen",7265839
1379,"Daddy Yankee, NATTI NATASHA, Becky G, Bad Bunny",7095153
1380,"Sia, Diplo, Labrinth, LSD",5605452
1381,"YG, 2 Chainz, Big Sean, Nicki Minaj",4883707
1382,"Rudimental, Major Lazer, Anne-Marie, Mr Eazi",4118761
1383,"Rae Sremmurd, Swae Lee, Slim Jxmmi, Juicy J",4031191
1384,"Riton, Nightcrawlers, Mufasa & Hypeman, Dopamine",12872772
1385,"Internet Money, Gunna, Don Toliver, NAV",6367820
1386,"BANDIDO, Duki, Rei, Tiago PZK",6220741
1387,"Internet Money, Gunna, Don Toliver, NAV",27981415
1388,"J Balvin, Dua Lipa, Bad Bunny, Tainy",15104877
1389,"Jack Harlow, Tory Lanez, DaBaby, Lil Wayne",11535303
1390,"Rauw Alejandro, Dalex, Lenny Tavárez, Dímelo Flow",5706635
1391,"Internet Money, Trippie Redd, Diplo, Juice WRLD",5044495
1392,"Juice WRLD, Marshmello, The Kid LAROI, Polo G",5039152
1393,"Mesita, Nicki Nicole, Tiago PZK, Emilia",10941468
1394,"Macklemore & Ryan Lewis, Macklemore, Ryan Lewis, Ray Dalton",9937427
1395,"Rauw Alejandro, Dalex, Lenny Tavárez, Dímelo Flow",8298677
1396,"Anirudh Ravichander, Arijit Singh, Shilpa Rao, Kumaar",16279537
1397,"Macklemore & Ryan Lewis, Macklemore, Ryan Lewis, Ray Dalton",9862600
1398,"Imagine Dragons, JID, Arcane, League of Legends",10350492
1399,"Chris Jedi, Anuel AA, Chencho Corleone, Ñengo Flow",9911006
1400,"Lil Nas X, Billy Ray Cyrus, Mason Ramsey, Young Thug",8544359
1401,"Sebastian Yatra, Daddy Yankee, NATTI NATASHA, Jonas Brothers",8060443
1402,"DJ Snake, Selena Gomez, Ozuna, Cardi B",6611596
1403,"Mustard, NAV, Playboi Carti, A Boogie Wit da Hoodie",5743815
1404,"MACHETE, Dani Faiv, thasup, Fabri Fibra",5000962
1405,"Rauw Alejandro, Dalex, Lenny Tavárez, Dímelo Flow",7784306
1406,"Polo G, Stunna 4 Vegas, NLE Choppa, Mike WiLL Made-It",5464816
1407,"G Herbo, Lil Uzi Vert, Juice WRLD, Chance the Rapper",4500903
1408,"DJ Snake, Selena Gomez, Ozuna, Cardi B",7869339
1409,"SZA, The Weeknd, Travis Scott, Game of Thrones",6798174
1410,"benny blanco, Selena Gomez, J Balvin, Tainy",5929127
1411,"Hailee Steinfeld, Alesso, Florida Georgia Line, WATT",5045087
1412,"Jax Jones, Martin Solveig, Madison Beer, Europa",4834915
1413,"J Balvin, Dua Lipa, Bad Bunny, Tainy",16819415
1414,"Internet Money, Gunna, Don Toliver, NAV",13621877
1415,"Jack Harlow, Tory Lanez, DaBaby, Lil Wayne",12634058
1416,"Internet Money, Trippie Redd, Diplo, Juice WRLD",8323656
1417,"Rauw Alejandro, Dalex, Lenny Tavárez, Dímelo Flow",6644083
1418,"Juice WRLD, Marshmello, The Kid LAROI, Polo G",5582960
1419,"Mesita, Nicki Nicole, Tiago PZK, Emilia",12289446
1420,"DJ Snake, Selena Gomez, Ozuna, Cardi B",18456704
1421,"XXXTENTACION, Lil Pump, Swae Lee, Maluma",8813972
1422,"NOTD, Felix Jaehn, Captain Cuts, Georgia Ku",5706275
1423,"Silk City, Dua Lipa, Diplo, Mark Ronson",5379830
1424,"Sia, Diplo, Labrinth, LSD",4670833
1425,"Tiësto, Dzeko, Preme, Post Malone",4593552
1426,"Rudimental, Jess Glynne, Macklemore, Dan Caplen",4574722
1427,"Imagine Dragons, JID, Arcane, League of Legends",14897069
1428,"Chris Jedi, Anuel AA, Chencho Corleone, Ñengo Flow",9663274
1429,"Macklemore & Ryan Lewis, Macklemore, Ryan Lewis, Ray Dalton",5772239
1430,"Sebastian Yatra, Daddy Yankee, NATTI NATASHA, Jonas Brothers",5989858
1431,"Mustard, NAV, Playboi Carti, A Boogie Wit da Hoodie",5968121
1432,"DJ Snake, Selena Gomez, Ozuna, Cardi B",5528440
1433,"J Balvin, Pharrell Williams, BIA, Sky Rompiendo",7248316
1434,"IAmChino, Pitbull, Yandel, El Chacal",5111757
1435,"DJ Snake, Selena Gomez, Ozuna, Cardi B",20046891
1436,"XXXTENTACION, Lil Pump, Swae Lee, Maluma",10026086
1437,"Silk City, Dua Lipa, Diplo, Mark Ronson",5518121
1438,"NOTD, Felix Jaehn, Captain Cuts, Georgia Ku",5238582
1439,"Sia, Diplo, Labrinth, LSD",4866382
1440,"Rudimental, Jess Glynne, Macklemore, Dan Caplen",4852760
1441,"Tiësto, Dzeko, Preme, Post Malone",4693228
1442,"Major Lazer, Travis Scott, Camila Cabello, Quavo",12055667
1443,"Calvin Harris, Future, Khalid, Funk Wav",11630743
1444,"Chris Jedi, J Balvin, Ozuna, Arcángel",8128807
1445,"DJ Khaled, Calvin Harris, Travis Scott, Jeremih",4214500
1446,"Calvin Harris, Travis Scott, A-Trak, Funk Wav",4213019
1447,"Calvin Harris, Young Thug, Pharrell Williams, Ariana Grande",4179205
1448,"2 Chainz, Ty Dolla $ign, Trey Songz, Jhené Aiko",4141579
1449,"Calvin Harris, Kehlani, Lil Yachty, Funk Wav",3709561
1450,"Tyler, The Creator, Frank Ocean, Steve Lacy",3532557
1451,"J Balvin, Pharrell Williams, BIA, Sky Rompiendo",3263623
1452,"Imagine Dragons, JID, Arcane, League of Legends",25739303
1453,"Riton, Nightcrawlers, Mufasa & Hypeman, Dopamine",5883156
1454,"Joel Corry, Jax Jones, Charli XCX, Saweetie",5743639
1455,"Imagine Dragons, JID, Arcane, League of Legends",26745557
1456,"Xamã, Gustah, Neo Beats, Bagua Records",9514569
1457,"Tiago PZK, LIT killah, Maria Becerra, Nicki Nicole",7124116
1458,"Riton, Nightcrawlers, Mufasa & Hypeman, Dopamine",5406521
1459,"Major Lazer, Travis Scott, Camila Cabello, Quavo",11826635
1460,"Chris Jedi, J Balvin, Ozuna, Arcángel",7916637
1461,"Calvin Harris, Future, Khalid, Funk Wav",6016267
1462,"2 Chainz, Ty Dolla $ign, Trey Songz, Jhené Aiko",4618845
1463,"Dimitri Vegas & Like Mike, David Guetta, Dimitri Vegas, Kiiara",3719219
1464,"J Balvin, Pharrell Williams, BIA, Sky Rompiendo",3015714
1465,"Rauw Alejandro, Dalex, Lenny Tavárez, Dímelo Flow",8720451
1466,"Imagine Dragons, JID, Arcane, League of Legends",25370000
1467,"Xamã, Gustah, Neo Beats, Bagua Records",10891990
1468,"Riton, Nightcrawlers, Mufasa & Hypeman, Dopamine",8046772
1469,"Joel Corry, Jax Jones, Charli XCX, Saweetie",6775363
1470,"Macklemore & Ryan Lewis, Macklemore, Ryan Lewis, Ray Dalton",5577448
1471,"DJ Matt D, Menor MC, MC GP, Vulgo FK",5363497
1472,"Anirudh Ravichander, Arijit Singh, Shilpa Rao, Kumaar",10235106
1473,"Macklemore & Ryan Lewis, Macklemore, Ryan Lewis, Ray Dalton",9555683
1474,"Imagine Dragons, JID, Arcane, League of Legends",13059398
1475,"Chris Jedi, Anuel AA, Chencho Corleone, Ñengo Flow",9332178
1476,"Pharrell Williams, 21 Savage, Tyler, The Creator",5501245
1477,"Imagine Dragons, JID, Arcane, League of Legends",25725045
1478,"Xamã, Gustah, Neo Beats, Bagua Records",9107956
1479,"Tiago PZK, LIT killah, Maria Becerra, Nicki Nicole",6699143
1480,"Macklemore & Ryan Lewis, Macklemore, Ryan Lewis, Ray Dalton",5550133
1481,"J Balvin, Dua Lipa, Bad Bunny, Tainy",17871914
1482,"Jack Harlow, Tory Lanez, DaBaby, Lil Wayne",13676396
1483,"Rauw Alejandro, Dalex, Lenny Tavárez, Dímelo Flow",7271101
1484,"Juice WRLD, Marshmello, The Kid LAROI, Polo G",7251637
1485,"Imagine Dragons, JID, Arcane, League of Legends",10526941
1486,"Joel Corry, Jax Jones, Charli XCX, Saweetie",9475979
1487,"DJ Snake, Ozuna, Megan Thee Stallion, LISA",8066552
1488,"Riton, Nightcrawlers, Mufasa & Hypeman, Dopamine",6105513
1489,"Internet Money, Gunna, Don Toliver, NAV",5225495
1490,"Pablito Pesadilla, Polimá Westcoast, Nickoog Clk, Fran C",8746937
1491,"Imagine Dragons, JID, Arcane, League of Legends",8642814
1492,"Macklemore & Ryan Lewis, Macklemore, Ryan Lewis, Ray Dalton",7165214
1493,"Imagine Dragons, JID, Arcane, League of Legends",21091923
1494,"Joel Corry, Jax Jones, Charli XCX, Saweetie",7579795
1495,"DJ Snake, Ozuna, Megan Thee Stallion, LISA",6931226
1496,"MC Levin, DJ Nikolas Alves Exclusive, DJ Kaioken, DJ Gege",5765438
1497,"Riton, Nightcrawlers, Mufasa & Hypeman, Dopamine",5754078
1498,"Imagine Dragons, JID, Arcane, League of Legends",12490157
1499,"Chris Jedi, Anuel AA, Chencho Corleone, Ñengo Flow",9192579
1500,"Pharrell Williams, 21 Savage, Tyler, The Creator",8152728
1501,"Calvin Harris, Future, Khalid, Funk Wav",9779738
1502,"Chris Jedi, J Balvin, Ozuna, Arcángel",8786577
1503,"J Balvin, Pharrell Williams, BIA, Sky Rompiendo",3810034
1504,"IAmChino, Pitbull, Yandel, El Chacal",3607653
1505,"Pablito Pesadilla, Polimá Westcoast, Nickoog Clk, Fran C",11010255
1506,"Imagine Dragons, JID, Arcane, League of Legends",9045881
1507,"Chris Jedi, Anuel AA, Chencho Corleone, Ñengo Flow",6593231
1508,"Macklemore & Ryan Lewis, Macklemore, Ryan Lewis, Ray Dalton",6285242
1509,"Calvin Harris, Future, Khalid, Funk Wav",9812166
1510,"Chris Jedi, J Balvin, Ozuna, Arcángel",8293081
1511,"J Balvin, Pharrell Williams, BIA, Sky Rompiendo",3985000
1512,"IAmChino, Pitbull, Yandel, El Chacal",3740874
1513,"Silk City, Dua Lipa, Diplo, Mark Ronson",15870224
1514,"DJ Khaled, Justin Bieber, Quavo, Chance the Rapper",13807793
1515,"Sia, Diplo, Labrinth, LSD",11449385
1516,"Tiësto, Dzeko, Preme, Post Malone",10742144
1517,"Jason Derulo, David Guetta, Nicki Minaj, Willy William",9914855
1518,"YG, 2 Chainz, Big Sean, Nicki Minaj",5995597
1519,"Nicky Jam, J Balvin, Maluma, Ozuna",5444681
1520,"Rudimental, Jess Glynne, Macklemore, Dan Caplen",5321834
1521,"Farid Bang, CAPO, 6ix9ine, SCH",4227364
1522,"Daddy Yankee, NATTI NATASHA, Becky G, Bad Bunny",4191609
1523,"Metro Boomin, Swae Lee, NAV, A Boogie Wit da Hoodie",10582248
1524,"Macklemore & Ryan Lewis, Macklemore, Ryan Lewis, Ray Dalton",9096664
1525,"Veigh, Bvga Beatz, Prod Malax, Supernova Ent",8254842
1526,"Imagine Dragons, JID, Arcane, League of Legends",26128077
1527,"Xamã, Gustah, Neo Beats, Bagua Records",11127006
1528,"Tiago PZK, LIT killah, Maria Becerra, Nicki Nicole",8305077
1529,"DJ Matt D, Menor MC, MC GP, Vulgo FK",6507299
1530,"Riton, Nightcrawlers, Mufasa & Hypeman, Dopamine",5606008
1531,"Joel Corry, Jax Jones, Charli XCX, Saweetie",5559896
1532,"Imagine Dragons, JID, Arcane, League of Legends",12400182
1533,"Chris Jedi, Anuel AA, Chencho Corleone, Ñengo Flow",8854829
1534,"Pharrell Williams, 21 Savage, Tyler, The Creator",6133908
1535,"Imagine Dragons, JID, Arcane, League of Legends",9058294
1536,"Pablito Pesadilla, Polimá Westcoast, Nickoog Clk, Fran C",8100903
1537,"Chris Jedi, Anuel AA, Chencho Corleone, Ñengo Flow",7831216
1538,"Mustard, NAV, Playboi Carti, A Boogie Wit da Hoodie",5722863
1539,"DJ Snake, Selena Gomez, Ozuna, Cardi B",5018360
1540,"Sebastian Yatra, Daddy Yankee, NATTI NATASHA, Jonas Brothers",4983520
1541,"Noriel, Myke Towers, Rauw Alejandro, Almighty",4616032
1542,"J Balvin, Pharrell Williams, BIA, Sky Rompiendo",7499922
1543,"IAmChino, Pitbull, Yandel, El Chacal",4314051
1544,"Tyler, The Creator, YoungBoy Never Broke Again, Ty Dolla $ign",17225337
1545,"Riton, Nightcrawlers, Mufasa & Hypeman, Dopamine",16657008
1546,"Tyler, The Creator, Lil Uzi Vert, Pharrell Williams",12035752
1547,"Tyler, The Creator, Brent Faiyaz, Fana Hues",9142721
1548,"Internet Money, Gunna, Don Toliver, NAV",7070855
1549,"Mc Davi, Mc Pedrinho, Mc Don Juan, DJ 900",6180759
1550,"BANDIDO, Duki, Rei, Tiago PZK",5777608
1551,"J Balvin, Dua Lipa, Bad Bunny, Tainy",5203364
1552,"Internet Money, Gunna, Don Toliver, Lil Uzi Vert",5137776
1553,"French Montana, Post Malone, Cardi B, Rvssian",5759111
1554,"DJ Snake, Selena Gomez, Ozuna, Cardi B",5182771
1555,"Anitta, Lexa, Luísa Sonza, Rebecca",5149797
1556,"Macklemore & Ryan Lewis, Macklemore, Ryan Lewis, Ray Dalton",4780310
1557,"DJ Snake, Selena Gomez, Ozuna, Cardi B",22138077
1558,"XXXTENTACION, Lil Pump, Swae Lee, Maluma",12821076
1559,"Silk City, Dua Lipa, Diplo, Mark Ronson",5780559
1560,"Sia, Diplo, Labrinth, LSD",5221994
1561,"Tiësto, Dzeko, Preme, Post Malone",5038907
1562,"Rudimental, Jess Glynne, Macklemore, Dan Caplen",4914745
1563,"Hailee Steinfeld, Alesso, Florida Georgia Line, WATT",4543464
1564,"Eminem, KXNG Crooked, Royce Da 5'9"", Joell Ortiz",7115414
1565,"Imagine Dragons, JID, Arcane, League of Legends",9172468
1566,"Chris Jedi, Anuel AA, Chencho Corleone, Ñengo Flow",8726529
1567,"Macklemore & Ryan Lewis, Macklemore, Ryan Lewis, Ray Dalton",5919098
1568,"Internet Money, Gunna, Don Toliver, NAV",18241483
1569,"J Balvin, Dua Lipa, Bad Bunny, Tainy",8249529
1570,"Jack Harlow, Tory Lanez, DaBaby, Lil Wayne",5615888
