country,currentRank,previousRank,peakRank,peakDate,appearancesOnChart,consecutiveAppearancesOnChart,rankingMetricValue,rankingMetricType,entryStatus,entryRank,entryDate,trackName,trackUri,displayImageUri,artistName,artistSpotifyUri,Streams,releaseDate
GLOBAL,1,1,1,2021-01-14,3,3,64681075,STREAMS,NO_CHANGE,1,2021-01-14,drivers license,spotify:track:7lPN2DXiMsVn7XUKtOW1CS,https://i.scdn.co/image/ab67616d00001e02a91c10fe9472d9bd89802e5a,Olivia Rodrigo,spotify:artist:1McMsnEElThX1knmY4oliG,64681075,2021-05-21
GLOBAL,2,2,1,2020-11-12,13,13,28696860,STREAMS,NO_CHANGE,2,2020-11-05,DÁKITI,spotify:track:4MzXwWMhyBbmu6hOcLVD49,https://i.scdn.co/image/ab67616d00001e02005ee342f4eef2cc6e8436ab,"Bad Bunny, Jhayco","spotify:artist:4q3ewBCX7sLwd24euuV69X, spotify:artist:6nVcHLIgY5pE2YCl8ubca1",28696860,2020-11-27
GLOBAL,3,3,1,2020-02-27,61,61,22885490,STREAMS,NO_CHANGE,7,2019-12-05,Blinding Lights,spotify:track:0VjIjW4GlUZAMYd2vXMi3b,https://i.scdn.co/image/ab67616d00001e028863bc11d2aa12b54f5aeb36,The Weeknd,spotify:artist:1Xyo4u8uXC1ZmMpatF05PJ,22885490,2020-03-20
GLOBAL,4,4,1,2020-09-24,25,25,21809952,STREAMS,NO_CHANGE,159,2020-08-13,Mood (feat. iann dior),spotify:track:3tjFYV6RSFtuktYl3ZtYcq,https://i.scdn.co/image/ab67616d00001e0284c53fa832dfa265192419c5,"24kGoldn, iann dior","spotify:artist:6fWVd57NKTalqvmjRd2t8Z, spotify:artist:6ASri4ePR7RlsvIQgWPJpS",21809952,2021-03-26
GLOBAL,5,7,5,2021-01-28,5,5,20809013,STREAMS,MOVED_UP,98,2020-12-31,Good Days,spotify:track:3YJJjQPAbDT7mGpX3WtQ9A,https://i.scdn.co/image/ab67616d00001e023097b1375ab17ae5bf302a0a,SZA,spotify:artist:7tYKF4w9nC0nq9CsPZTHyP,20809013,2020-12-25
GLOBAL,6,5,3,2020-12-31,14,14,20480781,STREAMS,MOVED_DOWN,128,2020-10-29,BICHOTA,spotify:track:7vrJn5hDSXRmdXoR30KgF1,https://i.scdn.co/image/ab67616d00001e02a9c7357101e65ee6af3c3789,KAROL G,spotify:artist:790FomKkXshlbRYZFtlgla,20480781,2020-10-23
GLOBAL,7,6,1,2020-10-29,14,14,19623916,STREAMS,MOVED_DOWN,1,2020-10-29,positions,spotify:track:35mvY5S1H3J2QZyna3TFe0,https://i.scdn.co/image/ab67616d00001e025ef878a782c987d38d82b605,Ariana Grande,spotify:artist:66CXWjxzNUsdJxJ2JdwvnR,19623916,2020-10-30
GLOBAL,8,8,8,2021-01-21,8,8,19164739,STREAMS,NO_CHANGE,40,2020-12-10,WITHOUT YOU,spotify:track:27OeeYzk6klgBh83TSvGMA,https://i.scdn.co/image/ab67616d00001e02b4d59e6fa7e5e7cbc57ac33a,The Kid LAROI,spotify:artist:2tIP7SsRs7vjIcLrU85W8J,19164739,2021-07-27
GLOBAL,9,11,9,2021-01-28,6,6,18916804,STREAMS,MOVED_UP,143,2020-12-24,Bandido,spotify:track:1xK1Gg9SxG8fy2Ya373oqb,https://i.scdn.co/image/ab67616d00001e02069e5634bc475b5c0436a3ce,"Myke Towers, Juhn","spotify:artist:7iK8PXO48WeuP03g8YR51W, spotify:artist:2LmcxBak1alK1bf7d1beTr",18916804,2020-12-10
GLOBAL,10,15,10,2021-01-28,8,3,18909322,STREAMS,MOVED_UP,29,2020-03-26,Save Your Tears,spotify:track:5QO79kh1waicV47BqGRL3g,https://i.scdn.co/image/ab67616d00001e028863bc11d2aa12b54f5aeb36,The Weeknd,spotify:artist:1Xyo4u8uXC1ZmMpatF05PJ,18909322,2020-03-20
GLOBAL,11,10,10,2021-01-21,14,14,18234437,STREAMS,MOVED_DOWN,168,2020-10-29,Whoopty,spotify:track:5vGLcdRuSbUhD8ScwsGSdA,https://i.scdn.co/image/ab67616d00001e025038c2513329a3123b62923d,CJ,spotify:artist:7arQA31aZVS8yS6zUveWzb,18234437,2020-08-20
GLOBAL,12,13,2,2020-10-15,24,24,17011524,STREAMS,MOVED_UP,67,2020-08-20,Lemonade (feat. NAV),spotify:track:7hxHWCCAIIxFLCzvDgnQHX,https://i.scdn.co/image/ab67616d00001e02c4adc981dc6656e52c916088,"Internet Money, Gunna, Don Toliver, NAV","spotify:artist:6MPCFvOQv5cIGfw3jODMF0, spotify:artist:2hlmm7s2ICUX0LVIhVFlZQ, spotify:artist:4Gso3d4CscCijv0lmajZWs, spotify:artist:7rkW85dBwwrJtlHRDkJDAC",17011524,2020-08-28
GLOBAL,13,14,2,2020-08-27,23,23,16857254,STREAMS,MOVED_UP,2,2020-08-27,Dynamite,spotify:track:4saklk6nie3yiGePpBwUoc,https://i.scdn.co/image/ab67616d00001e02c07d5d2fdc02ae252fcd07e5,BTS,spotify:artist:3Nrfpe0tUJi4K4DXYWgMUX,16857254,2020-11-20
GLOBAL,14,9,6,2021-01-07,4,4,16820159,STREAMS,MOVED_DOWN,6,2021-01-07,Anyone,spotify:track:31qCy5ZaophVA81wtlwLc4,https://i.scdn.co/image/ab67616d00001e024b02db5cefb177ff97346cf2,Justin Bieber,spotify:artist:1uNFoZAHBGtllmzznpCI3s,16820159,2021-01-01
GLOBAL,15,12,2,2020-12-03,9,9,16324670,STREAMS,MOVED_DOWN,2,2020-12-03,LA NOCHE DE ANOCHE,spotify:track:2XIc1pqjXV3Cr2BQUGNBck,https://i.scdn.co/image/ab67616d00001e02005ee342f4eef2cc6e8436ab,"Bad Bunny, ROSALÍA","spotify:artist:4q3ewBCX7sLwd24euuV69X, spotify:artist:7ltDVBr6mKbRvohxheJ9h1",16324670,2020-11-27
GLOBAL,16,16,14,2021-01-07,17,17,16257265,STREAMS,NO_CHANGE,141,2020-10-08,Levitating (feat. DaBaby),spotify:track:5nujrmhLynf4yMoMtj8AQF,https://i.scdn.co/image/ab67616d00001e022172b607853fa89cefa2beb4,"Dua Lipa, DaBaby","spotify:artist:6M2wZ9GZgrQXHCFfjv46we, spotify:artist:4r63FhuTkUYltbVAg5TQnk",16257265,2020-03-27
GLOBAL,17,17,17,2021-01-21,9,9,16112250,STREAMS,NO_CHANGE,155,2020-12-03,Hecha Pa' Mi,spotify:track:3VvA1wSxukMLsvXoXtlwWx,https://i.scdn.co/image/ab67616d00001e025921096535733d90092393b6,Boza,spotify:artist:2NfSBtmWe7oPw1EmetJVso,16112250,2020-07-31
GLOBAL,18,18,5,2020-11-05,13,13,16062347,STREAMS,NO_CHANGE,5,2020-11-05,34+35,spotify:track:6Im9k8u9iIzKMrmV7BWtlF,https://i.scdn.co/image/ab67616d00001e025ef878a782c987d38d82b605,Ariana Grande,spotify:artist:66CXWjxzNUsdJxJ2JdwvnR,16062347,2020-10-30
GLOBAL,19,-1,19,2021-01-28,1,1,15707778,STREAMS,NEW_ENTRY,19,2021-01-28,Lo Vas A Olvidar (with ROSALÍA),spotify:track:0psS4i5YooJrXfDnGvWRLi,https://i.scdn.co/image/ab67616d00001e02c64ed7bab63186d7fca3012f,"Billie Eilish, ROSALÍA","spotify:artist:6qqNVTkY8uBg9cP3Jd7DAH, spotify:artist:7ltDVBr6mKbRvohxheJ9h1",15707778,2021-01-21
GLOBAL,20,22,20,2021-01-28,13,13,15353388,STREAMS,MOVED_UP,174,2020-11-05,The Business,spotify:track:6f3Slt0GbA2bPZlz0aIFXN,https://i.scdn.co/image/ab67616d00001e02f461bbc21a9bcec43a926973,Tiësto,spotify:artist:2o5jDhtHVPhrJdv3cEQ99Z,15353388,2020-09-16
GLOBAL,21,48,21,2021-01-28,3,3,15015995,STREAMS,MOVED_UP,178,2021-01-14,Streets,spotify:track:60ynsPSSKe6O3sfwRnIBRf,https://i.scdn.co/image/ab67616d00001e02f14aa81116510d3a6df8432b,Doja Cat,spotify:artist:5cj0lLjcoR7YOSnhnX0Po5,15015995,2019-11-07
GLOBAL,22,21,13,2020-10-22,29,29,14483512,STREAMS,MOVED_DOWN,152,2020-07-16,you broke me first,spotify:track:45bE4HXI0AwGZXfZtMp8JR,https://i.scdn.co/image/ab67616d00001e026c2b76e0d78170d577add561,Tate McRae,spotify:artist:45dkTj5sMRSjrmBSBeiHym,14483512,2021-03-26
GLOBAL,23,19,2,2020-11-19,11,11,14479035,STREAMS,MOVED_DOWN,2,2020-11-19,Therefore I Am,spotify:track:54bFM56PmE4YLRnqpW6Tha,https://i.scdn.co/image/ab67616d00001e027a152619a7b55bc621d07901,Billie Eilish,spotify:artist:6qqNVTkY8uBg9cP3Jd7DAH,14479035,2020-11-12
GLOBAL,24,23,6,2020-10-15,21,20,13837963,STREAMS,MOVED_DOWN,101,2020-07-09,What You Know Bout Love,spotify:track:1tkg4EHVoqnhR6iFEXb60y,https://i.scdn.co/image/ab67616d00001e0277ada0863603903f57b34369,Pop Smoke,spotify:artist:0eDvMgVFoNV3TpwtrVCoTj,13837963,2020-07-03
GLOBAL,25,34,25,2021-01-28,13,13,12808538,STREAMS,MOVED_UP,169,2020-11-05,Paradise (feat. Dermot Kennedy),spotify:track:6ft4hAq6yde8jPZY2i5zLr,https://i.scdn.co/image/ab67616d00001e02b6567be9f8b996a2b5f9b7fa,"MEDUZA, Dermot Kennedy","spotify:artist:0xRXCcSX89eobfrshSVdyu, spotify:artist:5KNNVgR6LBIABRIomyCwKJ",12808538,2020-10-30
GLOBAL,26,24,7,2020-11-26,10,10,12686567,STREAMS,MOVED_DOWN,7,2020-11-26,Monster (Shawn Mendes & Justin Bieber),spotify:track:1HbA4N1MiOsPthALesGFR1,https://i.scdn.co/image/ab67616d00001e0237a5a19e52f8260b3b158e55,"Shawn Mendes, Justin Bieber","spotify:artist:7n2wHs1TKAczGzO7Dd2rGr, spotify:artist:1uNFoZAHBGtllmzznpCI3s",12686567,2020-12-04
GLOBAL,27,31,4,2019-10-03,108,108,12671460,STREAMS,MOVED_UP,194,2019-01-10,Someone You Loved,spotify:track:7qEHsqek33rTcFNT9PFqLf,https://i.scdn.co/image/ab67616d00001e02fc2101e6889d6ce9025f85f2,Lewis Capaldi,spotify:artist:4GNC7GD6oZMSxPGyXy4MNB,12671460,2019-05-17
GLOBAL,28,25,2,2020-09-03,26,26,12529435,STREAMS,MOVED_DOWN,58,2020-08-06,Hawái,spotify:track:1yoMvmasuxZfqHEipJhRbp,https://i.scdn.co/image/ab67616d00001e0287d15f78ec75621d40028baf,Maluma,spotify:artist:1r4hJ1h58CWwUQe3MxPuau,12529435,2020-08-21
GLOBAL,29,28,4,2020-07-23,63,63,12347071,STREAMS,MOVED_DOWN,21,2019-11-21,Watermelon Sugar,spotify:track:6UelLqGlWMcVH1E5c4H7lY,https://i.scdn.co/image/ab67616d00001e0277fdcfda6535601aff081b6a,Harry Styles,spotify:artist:6KImCVD70vtIoJWnq6nGn3,12347071,2019-12-13
GLOBAL,30,29,11,2020-10-15,29,29,12158063,STREAMS,MOVED_DOWN,170,2020-07-16,Head & Heart (feat. MNEK),spotify:track:6cx06DFPPHchuUAcTxznu9,https://i.scdn.co/image/ab67616d00001e0291e93c59bacfe819db9601eb,"Joel Corry, MNEK","spotify:artist:6DgP9otnZw5z6daOntINxp, spotify:artist:7uMh23xWiuR7zsNkuNcm2G",12158063,2020-07-03
GLOBAL,31,26,11,2020-11-26,10,10,12124847,STREAMS,MOVED_DOWN,11,2020-11-26,Prisoner (feat. Dua Lipa),spotify:track:2Oycxb8QbPkpHTo8ZrmG0B,https://i.scdn.co/image/ab67616d00001e028cffb7c6c40759eaf8a5a142,"Miley Cyrus, Dua Lipa","spotify:artist:5YGY8feqx7naU7z4HrwZM6, spotify:artist:6M2wZ9GZgrQXHCFfjv46we",12124847,2020-11-27
GLOBAL,32,35,32,2021-01-28,13,13,12104238,STREAMS,MOVED_UP,105,2020-11-05,Reloj,spotify:track:4loQgPwJHocL3dFwLfjb1J,https://i.scdn.co/image/ab67616d00001e023926e048d839e1173fe17326,"Rauw Alejandro, Anuel AA","spotify:artist:1mcTU81TzQhprhouKaTkpq, spotify:artist:2R21vXR83lH98kGeO99Y66",12104238,2020-11-13
GLOBAL,33,30,1,2020-08-20,25,25,11872534,STREAMS,MOVED_DOWN,2,2020-08-13,WAP (feat. Megan Thee Stallion),spotify:track:4Oun2ylbjFKMPTiaSbbCih,https://i.scdn.co/image/ab67616d00001e02c450c89d3eb750d3535b0a0c,"Cardi B, Megan Thee Stallion","spotify:artist:4kYSro6naA4h99UJvo89HB, spotify:artist:181bsRPaVXVlUKXrxwZfHK",11872534,2020-08-07
GLOBAL,34,32,5,2020-11-12,15,15,11550391,STREAMS,MOVED_DOWN,11,2020-10-22,Lonely (with benny blanco),spotify:track:4y4spB9m0Q6026KfkAvy9Q,https://i.scdn.co/image/ab67616d00001e0283b22beb73e2014b20159685,"Justin Bieber, benny blanco","spotify:artist:1uNFoZAHBGtllmzznpCI3s, spotify:artist:5CiGnKThu5ctn9pBxv7DGa",11550391,2020-10-16
GLOBAL,35,38,1,2020-06-04,41,41,11075135,STREAMS,MOVED_UP,10,2020-04-23,ROCKSTAR (feat. Roddy Ricch),spotify:track:7ytR5pFWmSjzHJIeQkgog4,https://i.scdn.co/image/ab67616d00001e0220e08c8cc23f404d723b5647,"DaBaby, Roddy Ricch","spotify:artist:4r63FhuTkUYltbVAg5TQnk, spotify:artist:757aE44tKEUQEqRuT6GnEB",11075135,2020-04-17
GLOBAL,36,39,21,2020-11-12,16,16,11045119,STREAMS,MOVED_UP,129,2020-10-15,La Nota,spotify:track:7ndTONDDRFGiPnnhOzOXxq,https://i.scdn.co/image/ab67616d00001e02f26be6e9676de14803a525e2,"Manuel Turizo, Rauw Alejandro, Myke Towers","spotify:artist:0tmwSHipWxN12fsoLcFU3B, spotify:artist:1mcTU81TzQhprhouKaTkpq, spotify:artist:7iK8PXO48WeuP03g8YR51W",11045119,2020-10-08
GLOBAL,37,33,19,2021-01-07,11,11,11015671,STREAMS,MOVED_DOWN,52,2020-11-19,HOLIDAY,spotify:track:6zFMeegAMYQo0mt8rXtrli,https://i.scdn.co/image/ab67616d00001e026771a05f34d77e5fc2bde64c,Lil Nas X,spotify:artist:7jVv8c5Fj3E9VhNjxT4snq,11015671,2020-11-13
GLOBAL,38,36,3,2020-12-17,7,7,11014318,STREAMS,MOVED_DOWN,3,2020-12-17,willow,spotify:track:3Uo7WG0vmLQ07WB4BDwy7D,https://i.scdn.co/image/ab67616d00001e0225751b4b32829d6bbfe6be7f,Taylor Swift,spotify:artist:06HL4z0CvFAxyc27GXpf02,11014318,2020-12-10
GLOBAL,39,41,7,2020-10-08,30,30,10992492,STREAMS,MOVED_UP,18,2020-07-09,For The Night (feat. Lil Baby & DaBaby),spotify:track:0PvFJmanyNQMseIFrU708S,https://i.scdn.co/image/ab67616d00001e0277ada0863603903f57b34369,"Pop Smoke, Lil Baby, DaBaby","spotify:artist:0eDvMgVFoNV3TpwtrVCoTj, spotify:artist:5f7VJjfbwm532GiveGC0ZK, spotify:artist:4r63FhuTkUYltbVAg5TQnk",10992492,2020-07-03
GLOBAL,40,44,1,2019-10-17,80,80,10834821,STREAMS,MOVED_UP,99,2019-07-25,Dance Monkey,spotify:track:1rgnBhdG2JDFTbYkYRZAku,https://i.scdn.co/image/ab67616d00001e028e8197111f9d57793a5e7eff,Tones And I,spotify:artist:2NjfBq1NflQcKSeiDooVjY,10834821,2021-07-16
GLOBAL,41,37,18,2021-01-07,6,6,10824137,STREAMS,MOVED_DOWN,137,2020-12-24,Afterglow,spotify:track:0E4Y1XIbs8GrAT1YqVy6dq,https://i.scdn.co/image/ab67616d00001e0288e170d5ced543d191593fc8,Ed Sheeran,spotify:artist:6eUKZXaKkcviH0Ku9w2n3V,10824137,2020-12-21
GLOBAL,42,43,3,2020-04-02,59,59,10769041,STREAMS,MOVED_UP,147,2019-12-19,Roses - Imanbek Remix,spotify:track:0zLCBJZSiELJf02ucPP9wb,https://i.scdn.co/image/ab67616d00001e02b340b496cb7c38d727ff40be,"SAINt JHN, Imanbek","spotify:artist:0H39MdGGX6dbnnQPt6NQkZ, spotify:artist:5rGrDvrLOV2VV8SCFVGWlj",10769041,2019-10-09
GLOBAL,43,45,43,2021-01-07,22,22,10734700,STREAMS,MOVED_UP,198,2020-09-03,Sweater Weather,spotify:track:2QjOHCTQ1Jl3zawyYOpxh6,https://i.scdn.co/image/ab67616d00001e028265a736a1eb838ad5a0b921,The Neighbourhood,spotify:artist:77SW9BnxLY8rJ0RciFqkHh,10734700,2013-04-19
GLOBAL,44,42,12,2020-09-10,27,27,10555074,STREAMS,MOVED_DOWN,140,2020-07-30,Heather,spotify:track:4xqrdfXkTW4T0RauPLv3WA,https://i.scdn.co/image/ab67616d00001e0288e3cda6d29b2552d4d6bc43,Conan Gray,spotify:artist:4Uc8Dsxct0oMqx0P6i60ea,10555074,2020-03-20
GLOBAL,45,40,12,2020-12-31,7,7,10398492,STREAMS,MOVED_DOWN,76,2020-12-17,Snowman,spotify:track:7uoFMmxln0GPXQ0AcCBXRq,https://i.scdn.co/image/ab67616d00001e02d1410c1372fab1e516328fa8,Sia,spotify:artist:5WUlDfRSoLAfcVSX1WnrxN,10398492,2018-11-01
GLOBAL,46,46,2,2020-04-02,65,65,10084123,STREAMS,NO_CHANGE,5,2019-11-07,Don't Start Now,spotify:track:3PfIrDoz19wz7qK7tYeu62,https://i.scdn.co/image/ab67616d00001e024bc66095f8a70bc4e6593f4f,Dua Lipa,spotify:artist:6M2wZ9GZgrQXHCFfjv46we,10084123,2020-03-27
GLOBAL,47,49,45,2021-01-07,8,8,9940187,STREAMS,MOVED_UP,143,2020-12-10,BEBÉ,spotify:track:7D7EH7MGyNHWSkqrszerI1,https://i.scdn.co/image/ab67616d00001e02a82e8d3dc5cea65aca690beb,"Camilo, El Alfa","spotify:artist:28gNT5KBp7IjEOQoevXf9N, spotify:artist:2oQX8QiMXOyuqbcZEFsZfm",9940187,2020-11-25
GLOBAL,48,52,48,2021-01-28,6,6,9835755,STREAMS,MOVED_UP,128,2020-12-24,GIRL LIKE ME,spotify:track:2vBET2pmrQqafaS6zIaYta,https://i.scdn.co/image/ab67616d00001e025a7f21dad5c796d719650972,"Black Eyed Peas, Shakira","spotify:artist:1yxSLGMDHlW21z4YXirZDS, spotify:artist:0EmeFodog0BfCgMzAIvKQp",9835755,2020-11-02
GLOBAL,49,47,40,2021-01-07,14,14,9687098,STREAMS,MOVED_DOWN,125,2020-10-29,Chica Ideal,spotify:track:21N4Buj4xsyLb218lYle61,https://i.scdn.co/image/ab67616d00001e02d773dad5e1b6797f8c821172,"Sebastian Yatra, Guaynaa","spotify:artist:07YUOmWljBTXwIseAUd9TW, spotify:artist:0BqURncJM5B1BBu7UM51eq",9687098,2020-10-16
GLOBAL,50,-1,50,2021-01-28,1,1,9685913,STREAMS,NEW_ENTRY,50,2021-01-28,Skin,spotify:track:03B2SfXuvDh1m9F4tqrX07,https://i.scdn.co/image/ab67616d00001e022b2473f0d8c4ea75d62fba09,Sabrina Carpenter,spotify:artist:74KM79TiuVKeVCqs8QtB0B,9685913,2021-01-22
GLOBAL,51,50,19,2019-11-28,62,62,9651559,STREAMS,MOVED_DOWN,19,2019-11-28,Before You Go,spotify:track:2gMXnyrvIjhVBUZwvLZDMP,https://i.scdn.co/image/ab67616d00001e027b9639babbe96e25071ec1d4,Lewis Capaldi,spotify:artist:4GNC7GD6oZMSxPGyXy4MNB,9651559,2019-11-22
GLOBAL,52,82,52,2021-01-28,5,5,9646836,STREAMS,MOVED_UP,168,2020-12-31,Heat Waves,spotify:track:02MWAaffLxlfxAUY7c5dvx,https://i.scdn.co/image/ab67616d00001e02712701c5e263efc8726b1464,Glass Animals,spotify:artist:4yvcSjfu4PC0CYQyLy4wSq,9646836,2020-08-07
GLOBAL,53,-1,53,2021-01-28,1,1,9495323,STREAMS,NEW_ENTRY,53,2021-01-28,Ropa Cara,spotify:track:7BIy3EGQhg98CsRdKYHnJC,https://i.scdn.co/image/ab67616d00001e02f7884ae3a1a00f73dd0e9fff,Camilo,spotify:artist:28gNT5KBp7IjEOQoevXf9N,9495323,2021-01-18
GLOBAL,54,-1,54,2021-01-28,1,1,9279019,STREAMS,NEW_ENTRY,54,2021-01-28,Antes,spotify:track:73O30uMI7n6DuzBmbtO7kC,https://i.scdn.co/image/ab67616d00001e024cd780c0568c9798bb2e461b,"Anuel AA, Ozuna","spotify:artist:2R21vXR83lH98kGeO99Y66, spotify:artist:1i8SpTcr7yvPOmcqrbnVXY",9279019,2021-01-22
GLOBAL,55,51,33,2021-01-14,11,11,9258658,STREAMS,MOVED_DOWN,179,2020-11-19,Goosebumps,spotify:track:20McUFi8KCIVdNDLrkTDuZ,https://i.scdn.co/image/ab67616d00001e025d29fc4c51a450bd32135de1,HVME,spotify:artist:2o08sCWF5yyo2G4DCiT7T9,9258658,2020-06-12
GLOBAL,56,53,15,2020-10-15,21,21,8781910,STREAMS,MOVED_DOWN,40,2020-09-10,Relación - Remix,spotify:track:35UUpTmrcFXNIVIN26ujXl,https://i.scdn.co/image/ab67616d00001e0263d74fcb3aaafe8c16e62f9b,"Sech, Daddy Yankee, J Balvin, ROSALÍA, Farruko","spotify:artist:77ziqFxp5gaInVrF2lj4ht, spotify:artist:4VMYDCV2IEDYJArk749S6m, spotify:artist:1vyhD5VmyZ7KMfW5gqLgo5, spotify:artist:7ltDVBr6mKbRvohxheJ9h1, spotify:artist:329e4yvIujISKGKz1BZZbO",8781910,2020-09-04
GLOBAL,57,54,12,2020-12-03,9,9,8761243,STREAMS,MOVED_DOWN,12,2020-12-03,TE MUDASTE,spotify:track:5RubKOuDoPn5Kj5TLVxSxY,https://i.scdn.co/image/ab67616d00001e02005ee342f4eef2cc6e8436ab,Bad Bunny,spotify:artist:4q3ewBCX7sLwd24euuV69X,8761243,2020-11-27
GLOBAL,58,57,25,2020-10-29,18,18,8539038,STREAMS,MOVED_DOWN,50,2020-10-01,Vida de Rico,spotify:track:73nAK3HgQK8dak83Y2WQ8F,https://i.scdn.co/image/ab67616d00001e021787548fbb289e9a26a5e1c1,Camilo,spotify:artist:28gNT5KBp7IjEOQoevXf9N,8539038,2020-09-21
GLOBAL,59,58,2,2020-08-20,24,24,8491373,STREAMS,MOVED_DOWN,2,2020-08-20,Laugh Now Cry Later (feat. Lil Durk),spotify:track:2SAqBLGA283SUiwJ3xOUVI,https://i.scdn.co/image/ab67616d00001e0252c75ed37313b889447011ef,"Drake, Lil Durk","spotify:artist:3TVXtAsR1Inumwj472S9r4, spotify:artist:3hcs9uc56yIGFCSy9leWe7",8491373,2020-08-14
GLOBAL,60,56,22,2020-10-29,21,21,8468711,STREAMS,MOVED_DOWN,164,2020-09-10,La Tóxica,spotify:track:15OjBeqNX3bShsGYQbteRv,https://i.scdn.co/image/ab67616d00001e0200dbb42f00340f35ce0ec816,Farruko,spotify:artist:329e4yvIujISKGKz1BZZbO,8468711,2020-07-24
GLOBAL,61,60,4,2020-09-24,19,19,8441818,STREAMS,MOVED_DOWN,4,2020-09-24,Holy (feat. Chance The Rapper),spotify:track:5u1n1kITHCxxp8twBcZxWy,https://i.scdn.co/image/ab67616d00001e02572c68f79b356c21202e248c,"Justin Bieber, Chance the Rapper","spotify:artist:1uNFoZAHBGtllmzznpCI3s, spotify:artist:1anyVhU62p31KFi8MEzkbf",8441818,2020-09-18
GLOBAL,62,61,61,2021-01-21,3,3,8391792,STREAMS,MOVED_DOWN,76,2021-01-14,Best Friend (feat. Doja Cat),spotify:track:2etHQJxIbV0soyPhelVs9Y,https://i.scdn.co/image/ab67616d00001e029aeed9bbffaac4c99cc4c4d9,"Saweetie, Doja Cat","spotify:artist:6cK3NBO6uP7hh0oyuVELFl, spotify:artist:5cj0lLjcoR7YOSnhnX0Po5",8391792,2021-01-07
GLOBAL,63,20,20,2021-01-21,2,2,8217247,STREAMS,MOVED_DOWN,20,2021-01-21,"34+35 Remix (feat. Doja Cat, Megan Thee Stallion) - Remix",spotify:track:3jjBPF4NDMCU51psU8JPpR,https://i.scdn.co/image/ab67616d00001e0243d04ae192008a5113862faf,"Ariana Grande, Doja Cat, Megan Thee Stallion","spotify:artist:66CXWjxzNUsdJxJ2JdwvnR, spotify:artist:5cj0lLjcoR7YOSnhnX0Po5, spotify:artist:181bsRPaVXVlUKXrxwZfHK",8217247,2021-01-15
GLOBAL,64,59,30,2020-09-24,27,27,8174671,STREAMS,MOVED_DOWN,151,2020-07-30,Take You Dancing,spotify:track:59qrUpoplZxbIZxk6X0Bm3,https://i.scdn.co/image/ab67616d00001e02d9ddaea6ccea73f812f8afbc,Jason Derulo,spotify:artist:07YZf4WDAMNwqr4jfgOZ8y,8174671,2020-07-22
GLOBAL,65,74,24,2018-06-14,145,145,8158786,STREAMS,MOVED_UP,138,2018-04-26,lovely (with Khalid),spotify:track:0u2P5u6lvoDfwTYjAADbn4,https://i.scdn.co/image/ab67616d00001e028a3f0a3ca7929dea23cd274c,"Billie Eilish, Khalid","spotify:artist:6qqNVTkY8uBg9cP3Jd7DAH, spotify:artist:6LuN9FCkKOj5PcnpouEgny",8158786,2018-04-19
GLOBAL,66,27,27,2021-01-21,2,2,8154347,STREAMS,MOVED_DOWN,27,2021-01-21,Bad Boy (with Young Thug),spotify:track:43CIWpJaJHRcI4mUSjqgc2,https://i.scdn.co/image/ab67616d00001e020bda1f6aa92d42f44d621db6,"Juice WRLD, Young Thug","spotify:artist:4MCBfE4596Uoi2O4DtmEMz, spotify:artist:50co4Is1HCEo8bhOyUWKpn",8154347,2021-01-15
GLOBAL,67,63,8,2020-08-06,45,45,8125160,STREAMS,MOVED_DOWN,172,2020-03-26,Breaking Me,spotify:track:3H7ihDc1dqLriiWXwsc2po,https://i.scdn.co/image/ab67616d00001e02ca801dab96017456b9847ac2,"Topic, A7S","spotify:artist:0u6GtibW46tFX7koQ6uNJZ, spotify:artist:5Wg2b4Mp42gicxEeDNawf7",8125160,2019-12-19
GLOBAL,68,68,4,2020-04-23,50,50,8107575,STREAMS,NO_CHANGE,68,2020-02-20,death bed (coffee for your head),spotify:track:7eJMfftS33KTjuF7lTsMCx,https://i.scdn.co/image/ab67616d00001e02bf01fd0986a195d485922167,"Powfu, beabadoobee","spotify:artist:6bmlMHgSheBauioMgKv2tn, spotify:artist:35l9BRT7MXmM8bv2WDQiyB",8107575,2020-02-08
GLOBAL,69,64,1,2020-08-06,33,33,8091199,STREAMS,MOVED_DOWN,50,2020-06-18,Savage Love (Laxed - Siren Beat),spotify:track:1xQ6trAsedVPCdbtDAmk0c,https://i.scdn.co/image/ab67616d00001e020f619e50cfa37c94e3f8300e,"Jawsh 685, Jason Derulo","spotify:artist:56mfhUDKa1vec6rSLZV5Eg, spotify:artist:07YZf4WDAMNwqr4jfgOZ8y",8091199,2020-06-11
GLOBAL,70,73,3,2018-06-28,142,142,7979267,STREAMS,MOVED_UP,125,2018-05-17,Lucid Dreams,spotify:track:285pBltuF7vW8TeWk8hdRR,https://i.scdn.co/image/ab67616d00001e02f7db43292a6a99b21b51d5b4,Juice WRLD,spotify:artist:4MCBfE4596Uoi2O4DtmEMz,7979267,2018-12-10
GLOBAL,71,71,44,2019-12-19,15,14,7956367,STREAMS,NO_CHANGE,44,2019-12-19,Golden,spotify:track:45S5WTQEGOB1VHr1Q4FuPl,https://i.scdn.co/image/ab67616d00001e0277fdcfda6535601aff081b6a,Harry Styles,spotify:artist:6KImCVD70vtIoJWnq6nGn3,7956367,2019-12-13
GLOBAL,72,75,1,2019-09-12,74,74,7924579,STREAMS,MOVED_UP,2,2019-09-05,Circles,spotify:track:21jGcNKet2qwijlDFuPiPb,https://i.scdn.co/image/ab67616d00001e029478c87599550dd73bfa7e02,Post Malone,spotify:artist:246dkjvS1zLTtiykXe5h60,7924579,2019-09-06
GLOBAL,73,67,34,2020-11-12,20,20,7883945,STREAMS,MOVED_DOWN,57,2020-09-17,Una Locura,spotify:track:5y7DaS3jAc9eZzcSOoUIwU,https://i.scdn.co/image/ab67616d00001e02b1717c201d31ad8e43dedc55,"Ozuna, J Balvin, Chencho Corleone","spotify:artist:1i8SpTcr7yvPOmcqrbnVXY, spotify:artist:1vyhD5VmyZ7KMfW5gqLgo5, spotify:artist:37230BxxYs9ksS7OkZw3IU",7883945,2020-09-04
GLOBAL,74,116,74,2021-01-28,2,2,7871104,STREAMS,MOVED_UP,116,2021-01-21,Goosebumps - Remix,spotify:track:5uEYRdEIh9Bo4fpjDd4Na9,https://i.scdn.co/image/ab67616d00001e029109b0425fb5b36284a24891,"Travis Scott, HVME","spotify:artist:0Y5tJX1MQlPlqiwlOH1tJY, spotify:artist:2o08sCWF5yyo2G4DCiT7T9",7871104,2021-01-15
GLOBAL,75,62,62,2021-01-14,15,15,7822464,STREAMS,MOVED_DOWN,112,2020-10-22,Train Wreck,spotify:track:55Am8neGJkdj2ADaM3aw5H,https://i.scdn.co/image/ab67616d00001e0220beb61f61fcbeb33b10a9ab,James Arthur,spotify:artist:4IWBUUAFIplrNtaOHcJPRM,7822464,2016-10-28
GLOBAL,76,70,4,2020-11-26,10,10,7785654,STREAMS,MOVED_DOWN,4,2020-11-26,Life Goes On,spotify:track:249gnXrbfmV8NG6jTEMSwD,https://i.scdn.co/image/ab67616d00001e02c07d5d2fdc02ae252fcd07e5,BTS,spotify:artist:3Nrfpe0tUJi4K4DXYWgMUX,7785654,2020-11-20
GLOBAL,77,76,10,2020-08-13,27,27,7714034,STREAMS,MOVED_DOWN,16,2020-07-30,UN DIA (ONE DAY) (Feat. Tainy),spotify:track:0EhpEsp4L0oRGM0vmeaN5e,https://i.scdn.co/image/ab67616d00001e02312bd86cc2db22fde885ee73,"J Balvin, Dua Lipa, Bad Bunny, Tainy","spotify:artist:1vyhD5VmyZ7KMfW5gqLgo5, spotify:artist:6M2wZ9GZgrQXHCFfjv46we, spotify:artist:4q3ewBCX7sLwd24euuV69X, spotify:artist:0GM7qgcRCORpGnfcN2tCiB",7714034,2020-07-24
GLOBAL,78,69,37,2020-11-19,17,17,7687370,STREAMS,MOVED_DOWN,193,2020-10-08,Mi Niña,spotify:track:2bgcUk2A3jjKbCJ7KPquTi,https://i.scdn.co/image/ab67616d00001e0200690a8308104ec86eee3dbb,"Wisin, Myke Towers, Los Legendarios","spotify:artist:3E6xrwgnVfYCrCs0ePERDz, spotify:artist:7iK8PXO48WeuP03g8YR51W, spotify:artist:0n6sKrG0xKAf8xmdqeNGke",7687370,2020-09-23
GLOBAL,79,65,46,2020-11-12,14,14,7684010,STREAMS,MOVED_DOWN,74,2020-10-29,SO DONE,spotify:track:2gqWRRCXnma9L8xQ1RdemQ,https://i.scdn.co/image/ab67616d00001e02b4d59e6fa7e5e7cbc57ac33a,The Kid LAROI,spotify:artist:2tIP7SsRs7vjIcLrU85W8J,7684010,2021-07-27
GLOBAL,80,81,7,2020-07-16,29,29,7644984,STREAMS,MOVED_UP,7,2020-07-16,Wishing Well,spotify:track:2U5WueTLIK5WJLD7mvDODv,https://i.scdn.co/image/ab67616d00001e023e0698e4ae5ffb82a005aeeb,Juice WRLD,spotify:artist:4MCBfE4596Uoi2O4DtmEMz,7644984,2020-07-10
GLOBAL,81,72,18,2020-10-29,20,20,7641973,STREAMS,MOVED_DOWN,121,2020-09-17,Put Your Records On,spotify:track:6AGOKlMZWLCaEJGnaROtF9,https://i.scdn.co/image/ab67616d00001e02d52d8eb3be188231e120dbbd,Ritt Momney,spotify:artist:7MPGCB854Qo4alYMOPkBka,7641973,2020-04-24
GLOBAL,82,79,1,2019-01-10,119,119,7627303,STREAMS,MOVED_DOWN,5,2018-10-25,Sunflower - Spider-Man: Into the Spider-Verse,spotify:track:0RiRZpuVRbi7oqRdSMwhQY,https://i.scdn.co/image/ab67616d00001e029478c87599550dd73bfa7e02,"Post Malone, Swae Lee","spotify:artist:246dkjvS1zLTtiykXe5h60, spotify:artist:1zNqQNIdeOUZHb8zbZRFMX",7627303,2019-09-06
GLOBAL,83,78,1,2020-02-13,59,59,7624391,STREAMS,MOVED_DOWN,43,2019-12-19,The Box,spotify:track:0nbXyq5TXYPCO7pr3N8S4I,https://i.scdn.co/image/ab67616d00001e02600adbc750285ea1a8da249f,Roddy Ricch,spotify:artist:757aE44tKEUQEqRuT6GnEB,7624391,2019-12-06
GLOBAL,84,80,80,2021-01-21,13,13,7540475,STREAMS,MOVED_DOWN,196,2020-11-05,At My Worst,spotify:track:2tI4WyzqOOwC23S5m0kqcB,https://i.scdn.co/image/ab67616d00001e029d3266a907580461111e0046,Pink Sweat$,spotify:artist:1W7FNibLa0O0b572tB2w7t,7540475,2020-12-04
GLOBAL,85,83,13,2020-04-30,181,57,7486445,STREAMS,MOVED_DOWN,192,2017-01-05,goosebumps,spotify:track:6gBFPUFcJLzWGx4lenP6h2,https://i.scdn.co/image/ab67616d00001e02f54b99bf27cda88f4a7403ce,Travis Scott,spotify:artist:0Y5tJX1MQlPlqiwlOH1tJY,7486445,2016-09-16
GLOBAL,86,92,86,2021-01-28,5,5,7483741,STREAMS,MOVED_UP,178,2020-12-31,All We Got (feat. KIDDO),spotify:track:1FP9s72rDYty6mfoOEYKnE,https://i.scdn.co/image/ab67616d00001e02815f7de523fb03ff606b7943,"Robin Schulz, KIDDO","spotify:artist:3t5xRXzsuZmMDkQzgOX35S, spotify:artist:5pXe6yFchq1oyYK3rq2A8i",7483741,2020-10-16
GLOBAL,87,84,6,2019-12-19,60,60,7340415,STREAMS,MOVED_DOWN,17,2019-12-12,Adore You,spotify:track:3jjujdWJ72nww5eGnfs2E7,https://i.scdn.co/image/ab67616d00001e0277fdcfda6535601aff081b6a,Harry Styles,spotify:artist:6KImCVD70vtIoJWnq6nGn3,7340415,2019-12-13
GLOBAL,88,93,88,2021-01-28,21,21,7327301,STREAMS,MOVED_UP,167,2020-09-10,Hello (feat. A Boogie Wit da Hoodie),spotify:track:2r6OAV3WsYtXuXjvJ1lIDi,https://i.scdn.co/image/ab67616d00001e0246e1307c35579c3483ea7b03,"Pop Smoke, A Boogie Wit da Hoodie","spotify:artist:0eDvMgVFoNV3TpwtrVCoTj, spotify:artist:31W5EY0aAly4Qieq6OFu6I",7327301,2020-07-20
GLOBAL,89,88,88,2021-01-21,10,10,7269755,STREAMS,MOVED_DOWN,153,2020-11-26,Polvo,spotify:track:68mrW6gXHgupgSiDHgaDi5,https://i.scdn.co/image/ab67616d00001e02acdb516fd1cff5b73bde9b1d,"Nicky Jam, Myke Towers","spotify:artist:1SupJlEpv7RS2tPNRaHViT, spotify:artist:7iK8PXO48WeuP03g8YR51W",7269755,2020-11-20
GLOBAL,90,86,8,2020-04-09,51,51,7258813,STREAMS,MOVED_DOWN,53,2020-02-13,Blueberry Faygo,spotify:track:22LAwLoDA5b4AaGSkg6bKW,https://i.scdn.co/image/ab67616d00001e020824105a6282782aaabb0584,Lil Mosey,spotify:artist:5zctI4wO9XSKS8XwcnqEHk,7258813,2020-02-06
GLOBAL,91,77,12,2020-10-08,17,17,7256655,STREAMS,MOVED_DOWN,12,2020-10-08,Wonder,spotify:track:6ZuahEctZD6w75peme58hm,https://i.scdn.co/image/ab67616d00001e0237a5a19e52f8260b3b158e55,Shawn Mendes,spotify:artist:7n2wHs1TKAczGzO7Dd2rGr,7256655,2020-12-04
GLOBAL,92,94,1,2019-06-27,84,84,7234291,STREAMS,MOVED_UP,1,2019-06-27,Señorita,spotify:track:6v3KW9xbzN5yKLt9YKDYA2,https://i.scdn.co/image/ab67616d00001e02c820f033bd82bef4355d1563,"Shawn Mendes, Camila Cabello","spotify:artist:7n2wHs1TKAczGzO7Dd2rGr, spotify:artist:4nDoRrQiYLoBzwC5BhVJzF",7234291,2019-06-19
GLOBAL,93,98,2,2019-11-14,71,71,7066877,STREAMS,MOVED_UP,29,2019-09-26,Memories,spotify:track:2b8fOow8UzyDFAE27YhOZM,https://i.scdn.co/image/ab67616d00001e0286a8ab515de4b7aef28cd631,Maroon 5,spotify:artist:04gDigrS5kc9YWfZHwBETP,7066877,2021-06-11
GLOBAL,94,96,91,2021-01-14,20,20,7029034,STREAMS,MOVED_UP,184,2020-09-17,Head Shoulders Knees & Toes (feat. Norma Jean Martine),spotify:track:6i7zAdNhzUN2k1HcrBxPHG,https://i.scdn.co/image/ab67616d00001e029433432ccc03bf5e6b7837d2,"Ofenbach, Quarterhead, Norma Jean Martine","spotify:artist:4AKwRarlmsUlLjIwt38NLw, spotify:artist:2h6hAChW74hB9HvrNoK1RY, spotify:artist:2fsk4VlJdNF6G8cCMDrrzB",7029034,2022-09-02
GLOBAL,95,106,39,2020-10-01,24,5,6986421,STREAMS,MOVED_UP,89,2020-08-13,my ex's best friend (with blackbear),spotify:track:7kDUspsoYfLkWnZR7qwHZl,https://i.scdn.co/image/ab67616d00001e02d4d4929a3a86fe2f9fadbd42,"mgk, blackbear","spotify:artist:6TIYQ3jFPwQSRmorSezPxX, spotify:artist:2cFrymmkijnjDg9SS92EPM",6986421,2020-09-25
GLOBAL,96,91,83,2021-01-07,8,8,6985040,STREAMS,MOVED_DOWN,175,2020-12-10,"Nathy Peluso: Bzrp Music Sessions, Vol. 36",spotify:track:78SeXVRJ7KCqVmOwTiFjnI,https://i.scdn.co/image/ab67616d00001e02559e8529d086f60e1752930b,"Bizarrap, NATHY PELUSO","spotify:artist:716NhGYqD1jl2wI1Qkgq36, spotify:artist:3VHAySZQPlfGlNLslzXYpN",6985040,2020-11-27
GLOBAL,97,95,37,2020-11-12,23,23,6917895,STREAMS,MOVED_DOWN,119,2020-08-27,Parce (feat. Justin Quiles),spotify:track:4RJz8NfIe09gpKMiRUWKhJ,https://i.scdn.co/image/ab67616d00001e0287d15f78ec75621d40028baf,"Maluma, Lenny Tavárez, Justin Quiles","spotify:artist:1r4hJ1h58CWwUQe3MxPuau, spotify:artist:1pQWsZQehhS4wavwh7Fnxd, spotify:artist:14zUHaJZo1mnYtn6IBRaRP",6917895,2020-08-21
GLOBAL,98,90,35,2020-11-19,22,22,6916751,STREAMS,MOVED_DOWN,164,2020-09-03,Jeans,spotify:track:3GtnId3Cm1Xa6joCj08nzW,https://i.scdn.co/image/ab67616d00001e029f30a7acfe68f2f806f10fa5,"Justin Quiles, The Academy: Segunda Misión","spotify:artist:14zUHaJZo1mnYtn6IBRaRP, spotify:artist:4C3ZmIqca9MWwThLaYbfXu",6916751,2020-08-14
GLOBAL,99,110,7,2018-06-21,178,57,6897406,STREAMS,MOVED_UP,25,2017-08-31,Jocelyn Flores,spotify:track:7m9OqQk4RVRkw9JJdeAw96,https://i.scdn.co/image/ab67616d00001e02203c89bd4391468eea4cc3f5,XXXTENTACION,spotify:artist:15UsOTVnJzReFVN1VCnxy4,6897406,2017-08-25
GLOBAL,100,102,18,2019-03-14,80,60,6893159,STREAMS,MOVED_UP,25,2019-02-21,Robbery,spotify:track:6Hj9jySrnFppAI0sEMCZpJ,https://i.scdn.co/image/ab67616d00001e028b27d35aa2c6dcf99895d664,Juice WRLD,spotify:artist:4MCBfE4596Uoi2O4DtmEMz,6893159,2019-03-08
GLOBAL,101,85,61,2020-12-10,10,10,6862515,STREAMS,MOVED_DOWN,118,2020-11-26,Body,spotify:track:0A1hoCfMLkiAgvhWkkucJa,https://i.scdn.co/image/ab67616d00001e02da256972582b455d46985ba9,Megan Thee Stallion,spotify:artist:181bsRPaVXVlUKXrxwZfHK,6862515,2020-11-20
GLOBAL,102,99,99,2021-01-21,2,2,6855062,STREAMS,MOVED_DOWN,99,2021-01-21,Ohne Dich,spotify:track:4hSJUp6k7QeHLxU32MrLIU,https://i.scdn.co/image/ab67616d00001e022ea54f337c14dcc416e43316,"KASIMIR1441, badmómzjay, WILDBWOYS","spotify:artist:7ADRm1oT7VmhRRZrZqycV6, spotify:artist:7oWrEQO1d3klp0Qrfh7a5h, spotify:artist:44yXVrsMTsKGUBHZsYFZNq",6855062,2021-01-14
GLOBAL,103,109,1,2019-04-04,96,96,6801964,STREAMS,MOVED_UP,1,2019-04-04,bad guy,spotify:track:2Fxmhks0bxGSBdJ92vM42m,https://i.scdn.co/image/ab67616d00001e0250a3147b4edd7701a876c6ce,Billie Eilish,spotify:artist:6qqNVTkY8uBg9cP3Jd7DAH,6801964,2019-03-29
GLOBAL,104,172,104,2021-01-28,2,2,6787241,STREAMS,MOVED_UP,172,2021-01-21,Astronaut In The Ocean,spotify:track:3Ofmpyhv5UAQ70mENzB277,https://i.scdn.co/image/ab67616d00001e0297fdd7cf1b14d78c6a7fb17f,Masked Wolf,spotify:artist:1uU7g3DNSbsu0QjSEqZtEd,6787241,2021-01-06
GLOBAL,105,87,19,2020-09-03,31,31,6723151,STREAMS,MOVED_DOWN,95,2020-07-02,La Curiosidad,spotify:track:4HYDUMY0xSpeBr0AMY9cUz,https://i.scdn.co/image/ab67616d00001e02509c45194c1ef6c1cb509e5d,"Jay Wheeler, DJ Nelson, Myke Towers","spotify:artist:2cPqdH7XMvwaBJEVjheH8g, spotify:artist:2ydZrTy8U3kOMOzx20s3dg, spotify:artist:7iK8PXO48WeuP03g8YR51W",6723151,2020-06-12
GLOBAL,106,108,100,2021-01-14,16,5,6709290,STREAMS,MOVED_UP,198,2020-10-08,Daddy Issues,spotify:track:5E30LdtzQTGqRvNd7l6kG5,https://i.scdn.co/image/ab67616d00001e023066581d697fbdee4303d685,The Neighbourhood,spotify:artist:77SW9BnxLY8rJ0RciFqkHh,6709290,2015-10-30
GLOBAL,107,97,24,2020-11-12,19,19,6695180,STREAMS,MOVED_DOWN,108,2020-09-24,Se Te Nota (with Guaynaa),spotify:track:11EnQRgRMJwMAesfkB5pnu,https://i.scdn.co/image/ab67616d00001e02b7ca812abc74e09faeeadbb7,"Lele Pons, Guaynaa","spotify:artist:6i3DxIlAqnDkwELLw4aVrx, spotify:artist:0BqURncJM5B1BBu7UM51eq",6695180,2020-09-02
GLOBAL,108,104,20,2020-10-15,18,18,6694220,STREAMS,MOVED_DOWN,98,2020-10-01,Dreams - 2004 Remaster,spotify:track:0ofHAoxe9vBkTCp2UQIavz,https://i.scdn.co/image/ab67616d00001e02e52a59a28efa4773dd2bfe1b,Fleetwood Mac,spotify:artist:08GQAI4eElDnROBrJRGE0X,6694220,1977-02-04
GLOBAL,109,117,3,2019-02-28,122,122,6665566,STREAMS,MOVED_UP,69,2018-10-04,Shallow,spotify:track:2VxeLyX666F8uXCJ0dZF8B,https://i.scdn.co/image/ab67616d00001e02e2d156fdc691f57900134342,"Lady Gaga, Bradley Cooper","spotify:artist:1HY2Jd0NmPuamShAr6KMms, spotify:artist:4VIvfOurcf0vuLRxLkGnIG",6665566,2018-10-05
GLOBAL,110,113,16,2017-06-29,208,208,6641411,STREAMS,MOVED_UP,73,2017-02-09,Believer,spotify:track:0pqnGHJpmpxLKifKRmU6WP,https://i.scdn.co/image/ab67616d00001e025675e83f707f1d7271e5cf8a,Imagine Dragons,spotify:artist:53XhwfbYqKCa1cC15pYq2q,6641411,2017-06-23
GLOBAL,111,122,111,2021-01-28,5,5,6636810,STREAMS,MOVED_UP,184,2020-12-31,Why'd You Only Call Me When You're High?,spotify:track:48q0vSHcJdhK3IiXH8C5WJ,https://i.scdn.co/image/ab67616d00001e024ae1c4c5c45aabe565499163,Arctic Monkeys,spotify:artist:7Ln80lUS6He07XvHI8qqHH,6636810,2013-09-09
GLOBAL,112,111,5,2020-01-02,63,63,6623555,STREAMS,MOVED_DOWN,64,2019-11-21,Falling,spotify:track:2rRJrJEo19S2J82BDsQ3F7,https://i.scdn.co/image/ab67616d00001e024dbf782532ca5d09012dc2d5,Trevor Daniel,spotify:artist:7uaIm6Pw7xplS8Dy06V6pT,6623555,2020-03-26
GLOBAL,113,107,4,2020-07-16,29,29,6544917,STREAMS,MOVED_DOWN,4,2020-07-16,Come & Go (with Marshmello),spotify:track:2Y0wPrPQBrGhoLn14xRYCG,https://i.scdn.co/image/ab67616d00001e023e0698e4ae5ffb82a005aeeb,"Juice WRLD, Marshmello","spotify:artist:4MCBfE4596Uoi2O4DtmEMz, spotify:artist:64KEffDW9EtZ1y2vBYgq8T",6544917,2020-07-10
GLOBAL,114,112,1,2019-10-10,69,69,6542673,STREAMS,MOVED_DOWN,1,2019-10-10,HIGHEST IN THE ROOM,spotify:track:3eekarcy7kvN4yt5ZFzltW,https://i.scdn.co/image/ab67616d00001e02e42b5fea4ac4c3d6328b622b,Travis Scott,spotify:artist:0Y5tJX1MQlPlqiwlOH1tJY,6542673,2019-10-04
GLOBAL,115,115,48,2018-06-28,75,34,6529012,STREAMS,NO_CHANGE,135,2018-05-17,All Girls Are The Same,spotify:track:4VXIryQMWpIdGgYR4TrjT1,https://i.scdn.co/image/ab67616d00001e02f7db43292a6a99b21b51d5b4,Juice WRLD,spotify:artist:4MCBfE4596Uoi2O4DtmEMz,6529012,2018-12-10
GLOBAL,116,120,7,2017-01-12,211,5,6512745,STREAMS,MOVED_UP,10,2016-12-29,Say You Won't Let Go,spotify:track:5uCax9HTNlzGybIStD3vDh,https://i.scdn.co/image/ab67616d00001e0220beb61f61fcbeb33b10a9ab,James Arthur,spotify:artist:4IWBUUAFIplrNtaOHcJPRM,6512745,2016-10-28
GLOBAL,117,100,14,2020-09-03,29,29,6483653,STREAMS,MOVED_DOWN,177,2020-07-16,"Ay, DiOs Mío!",spotify:track:7x4ASXYEKfQBCewcZhK776,https://i.scdn.co/image/ab67616d00001e02787fe606ce7ab74559ec541f,KAROL G,spotify:artist:790FomKkXshlbRYZFtlgla,6483653,2020-07-10
GLOBAL,118,118,3,2020-01-16,55,55,6468256,STREAMS,NO_CHANGE,3,2020-01-16,Life Is Good (feat. Drake),spotify:track:1K5KBOgreBi5fkEHvg5ap3,https://i.scdn.co/image/ab67616d00001e02935d8d5369bc55e74a39303e,"Future, Drake","spotify:artist:1RyvyyTE3xzB2ZywiAwp0i, spotify:artist:3TVXtAsR1Inumwj472S9r4",6468256,2020-05-15
GLOBAL,119,114,3,2020-01-02,64,64,6308446,STREAMS,MOVED_DOWN,67,2019-11-14,Tusa,spotify:track:7k4t7uLgtOxPwTpFmtJNTY,https://i.scdn.co/image/ab67616d00001e02ddd3154c58e15a8bdb63bbcc,"KAROL G, Nicki Minaj","spotify:artist:790FomKkXshlbRYZFtlgla, spotify:artist:0hCNtLu0JehylgoiP8L4Gh",6308446,2019-11-07
GLOBAL,120,119,2,2020-05-14,38,38,6303941,STREAMS,MOVED_DOWN,2,2020-05-14,Stuck with U (with Justin Bieber),spotify:track:4HBZA5flZLE435QTztThqH,https://i.scdn.co/image/ab67616d00001e022babb9dbd8f5146112f1bf86,"Ariana Grande, Justin Bieber","spotify:artist:66CXWjxzNUsdJxJ2JdwvnR, spotify:artist:1uNFoZAHBGtllmzznpCI3s",6303941,2020-05-08
GLOBAL,121,55,55,2021-01-21,3,3,6277570,STREAMS,MOVED_DOWN,82,2021-01-14,Vibez,spotify:track:6T6D9CIrHkALcHPafDFA6L,https://i.scdn.co/image/ab67616d00001e02f160ff1c91caffd9e24cc736,ZAYN,spotify:artist:5ZsFI1h6hIdQRw2ti0hz81,6277570,2021-01-15
GLOBAL,122,125,37,2020-10-15,21,21,6242935,STREAMS,MOVED_UP,171,2020-09-10,Despeinada,spotify:track:0JAZWvvqttGFm4UMDsPQXC,https://i.scdn.co/image/ab67616d00001e02b1717c201d31ad8e43dedc55,"Ozuna, Camilo","spotify:artist:1i8SpTcr7yvPOmcqrbnVXY, spotify:artist:28gNT5KBp7IjEOQoevXf9N",6242935,2020-09-04
GLOBAL,123,129,40,2020-07-09,45,5,6230307,STREAMS,MOVED_UP,118,2020-02-27,Dior,spotify:track:79s5XnCN4TJKTVMSmOx8Ep,https://i.scdn.co/image/ab67616d00001e028fe5d04b06aff90f9fe796f5,Pop Smoke,spotify:artist:0eDvMgVFoNV3TpwtrVCoTj,6230307,2019-07-26
GLOBAL,124,121,7,2020-04-02,44,44,6219278,STREAMS,MOVED_DOWN,7,2020-04-02,Break My Heart,spotify:track:017PF4Q3l4DBUiWoXk4OWT,https://i.scdn.co/image/ab67616d00001e024bc66095f8a70bc4e6593f4f,Dua Lipa,spotify:artist:6M2wZ9GZgrQXHCFfjv46we,6219278,2020-03-27
GLOBAL,125,126,22,2020-08-06,29,29,6200783,STREAMS,MOVED_UP,72,2020-07-16,Tattoo - Remix with Camilo,spotify:track:4G3PTss3mU33Tau7t4KbwE,https://i.scdn.co/image/ab67616d00001e023926e048d839e1173fe17326,"Rauw Alejandro, Camilo","spotify:artist:1mcTU81TzQhprhouKaTkpq, spotify:artist:28gNT5KBp7IjEOQoevXf9N",6200783,2020-11-13
GLOBAL,126,123,38,2020-04-23,63,5,6188194,STREAMS,MOVED_DOWN,156,2019-11-14,If the World Was Ending (feat. Julia Michaels),spotify:track:2kJwzbxV2ppxnQoYw4GLBZ,https://i.scdn.co/image/ab67616d00001e02dedbec8cca43642f06533476,"JP Saxe, Julia Michaels","spotify:artist:66W9LaWS0DPdL7Sz8iYGYe, spotify:artist:0ZED1XzwlLHW4ZaG4lOT6m",6188194,2019-10-17
GLOBAL,127,124,29,2019-12-19,58,5,6185301,STREAMS,MOVED_DOWN,29,2019-12-19,Falling,spotify:track:1ZMiCix7XSAbfAJlEZWMCp,https://i.scdn.co/image/ab67616d00001e0277fdcfda6535601aff081b6a,Harry Styles,spotify:artist:6KImCVD70vtIoJWnq6nGn3,6185301,2019-12-13
GLOBAL,128,-1,128,2021-01-28,1,1,6127518,STREAMS,NEW_ENTRY,128,2021-01-28,Lifestyle (feat. Adam Levine),spotify:track:0osvOdeD3YXZiWkT8MKolJ,https://i.scdn.co/image/ab67616d00001e02faffb078d11eaf63de4d2b6e,"Jason Derulo, Adam Levine","spotify:artist:07YZf4WDAMNwqr4jfgOZ8y, spotify:artist:4bYPcJP5jwMhSivRcqie2n",6127518,2021-01-21
GLOBAL,129,127,1,2020-05-28,36,36,6118971,STREAMS,MOVED_DOWN,1,2020-05-28,Rain On Me (with Ariana Grande),spotify:track:7ju97lgwC2rKQ6wwsf9no9,https://i.scdn.co/image/ab67616d00001e026040effba89b9b00a6f6743a,"Lady Gaga, Ariana Grande","spotify:artist:1HY2Jd0NmPuamShAr6KMms, spotify:artist:66CXWjxzNUsdJxJ2JdwvnR",6118971,2020-05-29
GLOBAL,130,101,45,2020-10-29,19,19,6113900,STREAMS,MOVED_DOWN,136,2020-09-24,Daisy,spotify:track:2g1KggY9PKvsoEAOaiz4xx,https://i.scdn.co/image/ab67616d00001e0211b63834a1a557cc77403458,Ashnikko,spotify:artist:3PyJHH2wyfQK3WZrk9rpmP,6113900,2021-01-15
GLOBAL,131,132,4,2017-11-30,202,5,6110060,STREAMS,MOVED_UP,7,2017-03-09,Perfect,spotify:track:0tgVpDi06FyKpA1z0VMD4v,https://i.scdn.co/image/ab67616d00001e02ba5db46f4b838ef6027e6f96,Ed Sheeran,spotify:artist:6eUKZXaKkcviH0Ku9w2n3V,6110060,2017-03-03
GLOBAL,132,105,105,2021-01-21,5,5,6109092,STREAMS,MOVED_DOWN,167,2020-12-31,Love Not War (The Tampa Beat),spotify:track:4Lt6GXGzYsa1tgkv3nGSTm,https://i.scdn.co/image/ab67616d00001e029ade6f2e5b017be63562e23b,"Jason Derulo, Nuka","spotify:artist:07YZf4WDAMNwqr4jfgOZ8y, spotify:artist:1XynjLPAyPi8SZAx8LHN0Z",6109092,2020-11-20
GLOBAL,133,131,1,2019-01-24,104,5,6079055,STREAMS,MOVED_DOWN,1,2019-01-24,7 rings,spotify:track:6ocbgoVGwYJhOv1GgI9NsF,https://i.scdn.co/image/ab67616d00001e0256ac7b86e090f307e218e9c8,Ariana Grande,spotify:artist:66CXWjxzNUsdJxJ2JdwvnR,6079055,2019-02-08
GLOBAL,134,148,134,2021-01-28,3,3,6074916,STREAMS,MOVED_UP,197,2021-01-14,No Te Enamores - Remix,spotify:track:2mM3gZ0BbPwPPMelbA8vgt,https://i.scdn.co/image/ab67616d00001e02dbce84de6903c77101781f12,"Milly, Farruko, Nio Garcia, Jay Wheeler, Amenazzy","spotify:artist:7kXCcNRLEnblbTAppPraBp, spotify:artist:329e4yvIujISKGKz1BZZbO, spotify:artist:5hdhHgpxyniooUiQVaPxQ0, spotify:artist:2cPqdH7XMvwaBJEVjheH8g, spotify:artist:6kq4GHwUcUojGIu0ziSNXf",6074916,2020-11-20
GLOBAL,135,140,1,2018-06-21,150,5,6052273,STREAMS,MOVED_UP,12,2018-03-08,SAD!,spotify:track:3ee8Jmje8o58CHK66QrVC2,https://i.scdn.co/image/ab67616d00001e02806c160566580d6335d1f16c,XXXTENTACION,spotify:artist:15UsOTVnJzReFVN1VCnxy4,6052273,2018-03-16
GLOBAL,136,144,136,2021-01-28,5,5,5931930,STREAMS,MOVED_UP,193,2020-12-31,Do I Wanna Know?,spotify:track:3rq5w4bQGigXOfdN30ATJt,https://i.scdn.co/image/ab67616d00001e024ae1c4c5c45aabe565499163,Arctic Monkeys,spotify:artist:7Ln80lUS6He07XvHI8qqHH,5931930,2013-09-09
GLOBAL,137,-1,137,2021-01-28,1,1,5929507,STREAMS,NEW_ENTRY,137,2021-01-28,Los Dioses,spotify:track:7oHsIIDKbEJlFULg1HF0pP,https://i.scdn.co/image/ab67616d00001e024cd780c0568c9798bb2e461b,"Anuel AA, Ozuna","spotify:artist:2R21vXR83lH98kGeO99Y66, spotify:artist:1i8SpTcr7yvPOmcqrbnVXY",5929507,2021-01-22
GLOBAL,138,130,12,2020-08-20,30,30,5926792,STREAMS,MOVED_DOWN,78,2020-07-09,Mood Swings (feat. Lil Tjay),spotify:track:5rZlwNFl01HqLWBQGryKSm,https://i.scdn.co/image/ab67616d00001e0277ada0863603903f57b34369,"Pop Smoke, Lil Tjay","spotify:artist:0eDvMgVFoNV3TpwtrVCoTj, spotify:artist:6jGMq4yGs7aQzuGsMgVgZR",5926792,2020-07-03
GLOBAL,139,134,7,2020-07-23,28,28,5890694,STREAMS,MOVED_DOWN,7,2020-07-23,POPSTAR (feat. Drake),spotify:track:6EDO9iiTtwNv6waLwa1UUq,https://i.scdn.co/image/ab67616d00001e02efaecb4b9cbae7c120d14617,"DJ Khaled, Drake","spotify:artist:0QHgL1lAIqAw0HtD7YldmP, spotify:artist:3TVXtAsR1Inumwj472S9r4",5890694,2020-07-17
GLOBAL,140,166,140,2021-01-28,2,2,5885970,STREAMS,MOVED_UP,166,2021-01-21,Can You Feel My Heart,spotify:track:0WSa1sucoNRcEeULlZVQXj,https://i.scdn.co/image/ab67616d00001e0260cf7c8dd93815ccd6cb4830,Bring Me The Horizon,spotify:artist:1Ffb6ejR6Fe5IamqA5oRUF,5885970,2013-04-01
GLOBAL,141,162,141,2021-01-28,2,2,5884321,STREAMS,MOVED_UP,162,2021-01-21,"Ele É Ele, Eu Sou Eu",spotify:track:7EWXP47VlXKO3r7mNxuWHw,https://i.scdn.co/image/ab67616d00001e0204d28f30d563a10630391ee3,"Wesley Safadão, Os Barões Da Pisadinha","spotify:artist:1AL2GKpmRrKXkYIcASuRFa, spotify:artist:5Lv2GUVwqmQBPwrTrxucE5",5884321,2020-11-12
GLOBAL,142,141,4,2020-01-23,54,54,5858508,STREAMS,MOVED_DOWN,4,2020-01-23,Godzilla (feat. Juice WRLD),spotify:track:7FIWs0pqAYbP91WWM0vlTQ,https://i.scdn.co/image/ab67616d00001e022f44aec83b20e40f3baef73c,"Eminem, Juice WRLD","spotify:artist:7dGJo4pcD2V6oG8kP0tJRR, spotify:artist:4MCBfE4596Uoi2O4DtmEMz",5858508,2020-01-17
GLOBAL,143,128,49,2020-11-19,17,17,5858171,STREAMS,MOVED_DOWN,133,2020-10-08,Sofia,spotify:track:7B3z0ySL9Rr0XvZEAjWZzM,https://i.scdn.co/image/ab67616d00001e0233ccb60f9b2785ef691b2fbc,Clairo,spotify:artist:3l0CmX0FuQjFxr8SK7Vqag,5858171,2019-08-02
GLOBAL,144,103,103,2021-01-21,11,3,5849750,STREAMS,MOVED_DOWN,188,2020-01-09,"All I Want - From ""High School Musical: The Musical: The Series""",spotify:track:4Yxc55NX3tAXC2mHRAhtcW,https://i.scdn.co/image/ab67616d00001e026d38bbfd2631c232763e3ddf,"Olivia Rodrigo, Disney","spotify:artist:1McMsnEElThX1knmY4oliG, spotify:artist:3xvaSlT4xsyk6lY1ESOspO",5849750,2019-11-27
GLOBAL,145,137,12,2019-11-14,73,73,5822442,STREAMS,MOVED_DOWN,137,2019-09-12,Ride It,spotify:track:2tnVG71enUj33Ic2nFN6kZ,https://i.scdn.co/image/ab67616d00001e025c27813ae019011fcb370c78,Regard,spotify:artist:4ofCBoyEiGSePFAG500xev,5822442,2019-07-26
GLOBAL,146,184,146,2021-01-28,2,2,5766030,STREAMS,MOVED_UP,184,2021-01-21,HASTA ABAJO,spotify:track:4PEfJZpVjdclfzZ9XO8uDw,https://i.scdn.co/image/ab67616d00001e02705eb0a80239f0f02b3b4f54,"KEVIN ROLDAN, Bryant Myers, Lyanno","spotify:artist:1RBzGO6Nm3uyhUSxP7EDWO, spotify:artist:6w9ToX5slZ4uIdmD17hJ3c, spotify:artist:1Ts9of7VPZElwPQnqnDSfW",5766030,2019-10-04
GLOBAL,147,136,132,2021-01-14,5,5,5760332,STREAMS,MOVED_DOWN,200,2020-12-31,Hayloft,spotify:track:2kS6td1yvmpNgZTt1q5pQq,https://i.scdn.co/image/ab67616d00001e02bf77ec4fe60aa3163d91e767,Mother Mother,spotify:artist:0e86yPdC41PGRkLp2Q1Bph,5760332,2008-09-23
GLOBAL,148,139,112,2020-03-26,22,4,5741718,STREAMS,MOVED_DOWN,189,2020-01-02,Maniac,spotify:track:6KfoDhO4XUWSbnyKjNp9c4,https://i.scdn.co/image/ab67616d00001e0288e3cda6d29b2552d4d6bc43,Conan Gray,spotify:artist:4Uc8Dsxct0oMqx0P6i60ea,5741718,2020-03-20
GLOBAL,149,150,1,2017-01-12,209,5,5718218,STREAMS,MOVED_UP,1,2017-01-12,Shape of You,spotify:track:7qiZfU4dY1lWllzX7mPBI3,https://i.scdn.co/image/ab67616d00001e02ba5db46f4b838ef6027e6f96,Ed Sheeran,spotify:artist:6eUKZXaKkcviH0Ku9w2n3V,5718218,2017-03-03
GLOBAL,150,176,150,2021-01-28,16,4,5709442,STREAMS,MOVED_UP,199,2017-01-26,Take Me To Church,spotify:track:3dYD57lRAUcMHufyqn9GcI,https://i.scdn.co/image/ab67616d00001e027a9bf5f82e32d33d4503fe7b,Hozier,spotify:artist:2FXC3k01G6Gw61bmprjgqS,5709442,2014-07-20
GLOBAL,151,142,6,2020-03-26,42,4,5692881,STREAMS,MOVED_DOWN,6,2020-03-26,In Your Eyes,spotify:track:7szuecWAPwGoV1e5vGu8tl,https://i.scdn.co/image/ab67616d00001e028863bc11d2aa12b54f5aeb36,The Weeknd,spotify:artist:1Xyo4u8uXC1ZmMpatF05PJ,5692881,2020-03-20
GLOBAL,152,146,2,2018-08-09,129,5,5691545,STREAMS,MOVED_DOWN,2,2018-08-09,SICKO MODE,spotify:track:2xLMifQCjDGFmkHkpNLD9h,https://i.scdn.co/image/ab67616d00001e02072e9faef2ef7b6db63834a3,Travis Scott,spotify:artist:0Y5tJX1MQlPlqiwlOH1tJY,5691545,2018-08-03
GLOBAL,153,89,20,2020-11-19,13,13,5682954,STREAMS,MOVED_DOWN,23,2020-11-05,pov,spotify:track:3UoULw70kMsiVXxW0L3A33,https://i.scdn.co/image/ab67616d00001e025ef878a782c987d38d82b605,Ariana Grande,spotify:artist:66CXWjxzNUsdJxJ2JdwvnR,5682954,2020-10-30
GLOBAL,154,145,4,2020-07-02,31,31,5646437,STREAMS,MOVED_DOWN,4,2020-07-02,How You Like That,spotify:track:4SFknyjLcyTLJFPKD2m96o,https://i.scdn.co/image/ab67616d00001e021895052324f123becdd0d53d,BLACKPINK,spotify:artist:41MozSoPIsD1dJM0CLPjZF,5646437,2020-10-02
GLOBAL,155,157,11,2018-11-22,124,5,5640739,STREAMS,MOVED_UP,183,2017-01-05,Bohemian Rhapsody - Remastered 2011,spotify:track:4u7EnebtmKWzUH433cf5Qv,https://i.scdn.co/image/ab67616d00001e02e319baafd16e84f0408af2a0,Queen,spotify:artist:1dfeR4HaWDbWqFHLkxsg1d,5640739,1975-11-21
GLOBAL,156,133,14,2020-08-20,24,24,5633676,STREAMS,MOVED_DOWN,14,2020-08-20,Midnight Sky,spotify:track:4i2qxFEVVUi8yOYoxB8TCX,https://i.scdn.co/image/ab67616d00001e028cffb7c6c40759eaf8a5a142,Miley Cyrus,spotify:artist:5YGY8feqx7naU7z4HrwZM6,5633676,2020-11-27
GLOBAL,157,147,62,2020-10-29,13,5,5596663,STREAMS,MOVED_DOWN,62,2020-10-29,Tyler Herro,spotify:track:3w1WjD2zJqjBjDz5fwqQPJ,https://i.scdn.co/image/ab67616d00001e02aeb14ead136118a987246b63,Jack Harlow,spotify:artist:2LIk90788K0zvyj2JJVwkJ,5596663,2020-12-11
GLOBAL,158,159,2,2019-11-21,63,5,5588090,STREAMS,MOVED_UP,102,2019-11-14,everything i wanted,spotify:track:3ZCTVFBt2Brf31RLEnCkWJ,https://i.scdn.co/image/ab67616d00001e02f2248cf6dad1d6c062587249,Billie Eilish,spotify:artist:6qqNVTkY8uBg9cP3Jd7DAH,5588090,2019-11-13
GLOBAL,159,163,159,2021-01-28,5,5,5577362,STREAMS,MOVED_UP,199,2020-12-31,Ponte Pa' Mi,spotify:track:4C6BlqqMwjFzOXzqpTeoWR,https://i.scdn.co/image/ab67616d00001e02f260cc88945b586c07c7365c,"Justin Quiles, The Academy: Segunda Misión","spotify:artist:14zUHaJZo1mnYtn6IBRaRP, spotify:artist:4C3ZmIqca9MWwThLaYbfXu",5577362,2020-11-20
GLOBAL,160,149,15,2020-07-23,30,5,5573507,STREAMS,MOVED_DOWN,25,2020-07-02,"Whats Poppin (feat. DaBaby, Tory Lanez & Lil Wayne) [Remix] - Bonus Track",spotify:track:0ZLuW8uOXdFNWcI40C0OC2,https://i.scdn.co/image/ab67616d00001e02aeb14ead136118a987246b63,"Jack Harlow, Tory Lanez, DaBaby, Lil Wayne","spotify:artist:2LIk90788K0zvyj2JJVwkJ, spotify:artist:2jku7tDXc6XoB6MO2hFuqg, spotify:artist:4r63FhuTkUYltbVAg5TQnk, spotify:artist:55Aa2cqylxrFIXC767Z865",5573507,2020-12-11
GLOBAL,161,161,142,2020-10-22,100,4,5565395,STREAMS,NO_CHANGE,197,2017-01-05,All of Me,spotify:track:3U4isOIWM3VvDubwSI3y7a,https://i.scdn.co/image/ab67616d00001e0294c9217a398f5174757c0c78,John Legend,spotify:artist:5y2Xq6xcjJb2jVM54GHK3t,5565395,2013-08-30
GLOBAL,162,196,42,2018-06-28,25,2,5475436,STREAMS,MOVED_UP,70,2018-03-22,Hope,spotify:track:2ZRo7axmMPeSVUvDbGkJah,https://i.scdn.co/image/ab67616d00001e02806c160566580d6335d1f16c,XXXTENTACION,spotify:artist:15UsOTVnJzReFVN1VCnxy4,5475436,2018-03-16
GLOBAL,163,168,151,2021-01-07,5,5,5461918,STREAMS,MOVED_UP,153,2020-12-31,Meia Noite (Você tem meu Whatsapp),spotify:track:6sPBi0qLI6KM3yXX56NxsA,https://i.scdn.co/image/ab67616d00001e0262c6b448c479e79724b4bc31,Tarcísio do Acordeon,spotify:artist:48HORs6F9P7IgdyKrk4MZC,5461918,2020-12-17
GLOBAL,164,154,2,2019-11-28,65,5,5448047,STREAMS,MOVED_DOWN,138,2019-10-31,ROXANNE,spotify:track:696DnlkuDOXcMAnKlTgXXK,https://i.scdn.co/image/ab67616d00001e02069a93617a916760ab88ffea,Arizona Zervas,spotify:artist:0vRvGUQVUjytro0xpb26bs,5448047,2019-10-10
GLOBAL,165,164,158,2021-01-07,6,4,5444693,STREAMS,MOVED_DOWN,183,2020-11-19,Yellow,spotify:track:3AJwUDP919kvQ9QcozQPxg,https://i.scdn.co/image/ab67616d00001e023d92b2ad5af9fbc8637425f0,Coldplay,spotify:artist:4gzpq5DPGxSnKTe4SA8HAU,5444693,2000-07-10
GLOBAL,166,160,132,2021-01-07,9,9,5427534,STREAMS,MOVED_DOWN,195,2020-12-03,Si Me Tomo Una Cerveza,spotify:track:3lCbsHaN1wCxyDzcNN2x4N,https://i.scdn.co/image/ab67616d00001e025be19f8ad3ea24a4e4979dd1,"Migrantes, Alico","spotify:artist:48R2gYdPKtfnfKAzhSVPUx, spotify:artist:7n3wAgh1j3RRbxYzfZTQDF",5427534,2020-11-07
GLOBAL,167,152,17,2020-11-12,12,12,5379898,STREAMS,MOVED_DOWN,17,2020-11-12,Hawái - Remix,spotify:track:0GzuHFG4Ql6DoyxFRnIk3F,https://i.scdn.co/image/ab67616d00001e02be768155351bbd7d4c19ab13,"Maluma, The Weeknd","spotify:artist:1r4hJ1h58CWwUQe3MxPuau, spotify:artist:1Xyo4u8uXC1ZmMpatF05PJ",5379898,2020-11-05
GLOBAL,168,156,9,2020-06-11,43,5,5360982,STREAMS,MOVED_DOWN,121,2020-04-02,ily (i love you baby) (feat. Emilee),spotify:track:62aP9fBQKYKxi7PDXwcUAS,https://i.scdn.co/image/ab67616d00001e02b3de5764cc02f94714487c86,"Surf Mesa, Emilee","spotify:artist:1lmU3giNF3CSbkVSQmLpHQ, spotify:artist:4ArPQ1Opcksbbf3CPwEjWE",5360982,2019-11-26
GLOBAL,169,174,169,2020-11-19,17,4,5343065,STREAMS,MOVED_UP,189,2020-09-10,Star Shopping,spotify:track:30bqVoKjX479ab90a8Pafp,https://i.scdn.co/image/ab67616d00001e022568a5b51d322cbd987106f7,Lil Peep,spotify:artist:2kCcBybjl3SAtIcwdWpUe3,5343065,2015-08-17
GLOBAL,170,169,2,2020-04-09,43,43,5337233,STREAMS,MOVED_DOWN,2,2020-04-09,Toosie Slide,spotify:track:466cKvZn1j45IpxDdYZqdA,https://i.scdn.co/image/ab67616d00001e02bba7cfaf7c59ff0898acba1f,Drake,spotify:artist:3TVXtAsR1Inumwj472S9r4,5337233,2020-05-01
GLOBAL,171,167,90,2021-01-14,4,3,5332437,STREAMS,MOVED_DOWN,124,2020-11-26,Somebody’s Problem,spotify:track:42lqBjPYlmL1EXpMDXvhSN,https://i.scdn.co/image/ab67616d00001e027d6813fd233f3bc4977cceca,Morgan Wallen,spotify:artist:4oUHIQIBe0LHzYfvXNW4QM,5332437,2021-01-08
GLOBAL,172,153,13,2020-08-06,37,37,5322604,STREAMS,MOVED_DOWN,157,2020-05-21,La Jeepeta - Remix,spotify:track:6bvfJf4KjonPMuPfGfy3S2,https://i.scdn.co/image/ab67616d00001e02d7097c9ef004af43f08713d5,"Nio Garcia, Anuel AA, Myke Towers, Brray, Juanka","spotify:artist:5hdhHgpxyniooUiQVaPxQ0, spotify:artist:2R21vXR83lH98kGeO99Y66, spotify:artist:7iK8PXO48WeuP03g8YR51W, spotify:artist:1GKIlPFdcewHtpDVCQ8zmJ, spotify:artist:3Wb38LDP3N4tkobValgE9D",5322604,2020-07-24
GLOBAL,173,155,47,2020-10-01,23,23,5303036,STREAMS,MOVED_DOWN,101,2020-08-27,Mi Cuarto,spotify:track:6fmQjRuo7XvRFCK2qex5hQ,https://i.scdn.co/image/ab67616d00001e021a092ccbef6c3f576b07ce94,Jerry Di,spotify:artist:7f02bxFbZIOVdSbYRNYvLT,5303036,2020-04-03
GLOBAL,174,158,5,2020-02-20,50,5,5263831,STREAMS,MOVED_DOWN,7,2020-02-13,Intentions (feat. Quavo),spotify:track:4umIPjkehX1r7uhmGvXiSV,https://i.scdn.co/image/ab67616d00001e027fe4a82a08c4f0decbeddbc6,"Justin Bieber, Quavo","spotify:artist:1uNFoZAHBGtllmzznpCI3s, spotify:artist:0VRj0yCOv2FXJNP47XQnx5",5263831,2020-02-14
GLOBAL,175,-1,175,2021-01-28,1,1,5260491,STREAMS,NEW_ENTRY,175,2021-01-28,Mds,spotify:track:0QglpM23kl9ldvVdoYNZwF,https://i.scdn.co/image/ab67616d00001e02f0cd06b323229aed9f9eb38e,"Kawe, Mc Lele JP, Original Quality","spotify:artist:1TYJOhNSxMOODWiDVhuyZb, spotify:artist:1mV9h1AwhRXSjBFcYpajgY, spotify:artist:5ZTnWo7IY6rdIxm6aTSR84",5260491,2020-05-19
GLOBAL,176,171,9,2019-11-07,73,5,5259577,STREAMS,MOVED_DOWN,160,2019-08-29,hot girl bummer,spotify:track:2mt1IqcFyY1zmYZT8Q3xw9,https://i.scdn.co/image/ab67616d00001e02e9b6f26ff354f4d70847f02d,blackbear,spotify:artist:2cFrymmkijnjDg9SS92EPM,5259577,2020-08-21
GLOBAL,177,170,6,2020-03-19,55,5,5243113,STREAMS,MOVED_DOWN,127,2020-01-02,Say So,spotify:track:3Dv1eDb0MEgF93GpLXlucZ,https://i.scdn.co/image/ab67616d00001e02f14aa81116510d3a6df8432b,Doja Cat,spotify:artist:5cj0lLjcoR7YOSnhnX0Po5,5243113,2019-11-07
GLOBAL,178,173,123,2020-10-29,19,4,5213989,STREAMS,MOVED_DOWN,188,2020-08-20,Someone To You,spotify:track:2f0pn9DkEJwAzXApnFh5cr,https://i.scdn.co/image/ab67616d00001e02f1bff89049561177b7cccebb,BANNERS,spotify:artist:4qWnlmXWuGv2TtuxtIWlJX,5213989,2019-10-04
GLOBAL,179,188,2,2018-06-28,131,2,5193357,STREAMS,MOVED_UP,14,2018-03-22,Moonlight,spotify:track:0JP9xo3adEtGSdUEISiszL,https://i.scdn.co/image/ab67616d00001e02806c160566580d6335d1f16c,XXXTENTACION,spotify:artist:15UsOTVnJzReFVN1VCnxy4,5193357,2018-03-16
GLOBAL,180,66,66,2021-01-21,2,2,5186567,STREAMS,MOVED_DOWN,66,2021-01-21,De Una Vez,spotify:track:0HC6S4VpCGAZvyxTdrMRIQ,https://i.scdn.co/image/ab67616d00001e028b11b0be988e17da2799b94d,Selena Gomez,spotify:artist:0C8ZW7ezQVs4URX5aX7Kqx,5186567,2021-03-12
GLOBAL,181,165,33,2020-12-03,7,4,5167170,STREAMS,MOVED_DOWN,33,2020-12-03,BOOKER T,spotify:track:26w9NTiE9NGjW1ZvIOd1So,https://i.scdn.co/image/ab67616d00001e02005ee342f4eef2cc6e8436ab,Bad Bunny,spotify:artist:4q3ewBCX7sLwd24euuV69X,5167170,2020-11-27
GLOBAL,182,190,24,2018-06-28,63,4,5160809,STREAMS,MOVED_UP,52,2017-08-31,Everybody Dies In Their Nightmares,spotify:track:3GVkPk8mqxz0itaAriG1L7,https://i.scdn.co/image/ab67616d00001e02203c89bd4391468eea4cc3f5,XXXTENTACION,spotify:artist:15UsOTVnJzReFVN1VCnxy4,5160809,2017-08-25
GLOBAL,183,178,178,2021-01-21,4,4,5148156,STREAMS,MOVED_DOWN,180,2021-01-07,Smells Like Teen Spirit,spotify:track:1f3yAtsJtY87CTmM8RLnxf,https://i.scdn.co/image/ab67616d00001e02fbc71c99f9c1296c56dd51b6,Nirvana,spotify:artist:6olE6TJLqED3rqDCT0FyPh,5148156,1991-09-26
GLOBAL,184,143,83,2021-01-14,3,3,5108585,STREAMS,MOVED_DOWN,83,2021-01-14,Wasted On You,spotify:track:3cBsEDNhFI9E82vPj3kvi3,https://i.scdn.co/image/ab67616d00001e027d6813fd233f3bc4977cceca,Morgan Wallen,spotify:artist:4oUHIQIBe0LHzYfvXNW4QM,5108585,2021-01-08
GLOBAL,185,187,4,2018-11-22,116,4,5089970,STREAMS,MOVED_UP,11,2018-10-11,Without Me,spotify:track:6FZDfxM3a3UCqtzo5pxSLZ,https://i.scdn.co/image/ab67616d00001e027636e1c9e67eaafc9f49aefd,Halsey,spotify:artist:26VFTg2z8YR0cCuwLzESi2,5089970,2020-01-17
GLOBAL,186,180,1,2019-05-16,86,5,5076680,STREAMS,MOVED_DOWN,1,2019-05-16,I Don't Care (with Justin Bieber),spotify:track:0hVXuCcriWRGvwMV1r5Yn9,https://i.scdn.co/image/ab67616d00001e0273304ce0653c7758dd94b259,"Ed Sheeran & Justin Bieber, Justin Bieber","spotify:artist:1WsYCXdezMjn0KoIrLvMmC, spotify:artist:1uNFoZAHBGtllmzznpCI3s",5076680,2019-07-12
GLOBAL,187,179,61,2020-08-27,22,4,5049267,STREAMS,MOVED_DOWN,158,2020-08-06,Electric Love,spotify:track:2GiJYvgVaD2HtM8GqD9EgQ,https://i.scdn.co/image/ab67616d00001e02cc2cf912462d8ae4ef856434,BØRNS,spotify:artist:1KP6TWI40m7p3QBTU6u2xo,5049267,2015-10-16
GLOBAL,188,189,188,2021-01-28,3,3,5037380,STREAMS,MOVED_UP,200,2021-01-14,Fly Away,spotify:track:5ri4zqtWhG07hIuNNDWP76,https://i.scdn.co/image/ab67616d00001e028fb79948870fc9314eccac4b,Tones And I,spotify:artist:2NjfBq1NflQcKSeiDooVjY,5037380,2020-11-13
GLOBAL,189,194,9,2019-04-04,116,4,5010675,STREAMS,MOVED_UP,18,2018-10-25,when the party's over,spotify:track:43zdsphuZLzwA9k4DJhU0I,https://i.scdn.co/image/ab67616d00001e0250a3147b4edd7701a876c6ce,Billie Eilish,spotify:artist:6qqNVTkY8uBg9cP3Jd7DAH,5010675,2019-03-29
GLOBAL,190,151,121,2020-12-17,7,7,4962949,STREAMS,MOVED_DOWN,121,2020-12-17,Way Out (feat. Big Sean),spotify:track:57VeLYXrvNxe8Vs18K2M9W,https://i.scdn.co/image/ab67616d00001e02aeb14ead136118a987246b63,"Jack Harlow, Big Sean","spotify:artist:2LIk90788K0zvyj2JJVwkJ, spotify:artist:0c173mlxpT3dSFRgMO8XPh",4962949,2020-12-11
GLOBAL,191,-1,191,2021-01-28,1,1,4931982,STREAMS,NEW_ENTRY,191,2021-01-28,Remember That Night?,spotify:track:1nYzjrdVQ8RpF93M0jPFW7,https://i.scdn.co/image/ab67616d00001e02f36780c7d24ed9e6340c1fde,Sara Kays,spotify:artist:7Lk9V7E1u5gqSHmtcKlOqH,4931982,2020-11-06
GLOBAL,192,182,42,2020-09-24,17,4,4931163,STREAMS,MOVED_DOWN,42,2020-09-24,Diamonds,spotify:track:1hJIbOjWpid6LtnozHmzRS,https://i.scdn.co/image/ab67616d00001e020d1f3930676c34a23dbf5c46,Sam Smith,spotify:artist:2wY79sveU1sp5g7SokKOiI,4931163,2020-10-30
GLOBAL,193,-1,190,2021-01-07,3,1,4914093,STREAMS,RE_ENTRY,190,2021-01-07,Dancing in My Room,spotify:track:6Pgmqg15yVexuOgtzuxwoX,https://i.scdn.co/image/ab67616d00001e025f4fbb2f9c3de128e526944c,347aidan,spotify:artist:0bBz5bRBkExaej2HxtVfCw,4914093,2020-10-26
GLOBAL,194,193,12,2018-09-20,121,4,4893822,STREAMS,MOVED_DOWN,136,2018-07-26,Be Alright,spotify:track:5qrSlOut2rNAWv3ubArkNy,https://i.scdn.co/image/ab67616d00001e02a787f718fb485b66d6219247,Dean Lewis,spotify:artist:3QSQFmccmX81fWCUSPTS7y,4893822,2019-03-22
GLOBAL,195,198,149,2020-07-02,46,4,4869980,STREAMS,MOVED_UP,198,2019-10-17,The Less I Know The Better,spotify:track:6K4t31amVTZDgR3sKmwUJJ,https://i.scdn.co/image/ab67616d00001e029e1cfc756886ac782e363d79,Tame Impala,spotify:artist:5INjqkS1o8h1imAzPqGZBb,4869980,2015-07-17
GLOBAL,196,183,116,2020-11-19,8,5,4864544,STREAMS,MOVED_DOWN,116,2020-11-19,De Cora <3,spotify:track:22Sh5dlwbERqJAq1fZk5b2,https://i.scdn.co/image/ab67616d00001e023926e048d839e1173fe17326,"Rauw Alejandro, J Balvin","spotify:artist:1mcTU81TzQhprhouKaTkpq, spotify:artist:1vyhD5VmyZ7KMfW5gqLgo5",4864544,2020-11-13
GLOBAL,197,-1,58,2017-01-12,126,1,4849283,STREAMS,RE_ENTRY,150,2016-12-29,Thinking out Loud,spotify:track:1Slwb6dOYkBlWal1PGtnNg,https://i.scdn.co/image/ab67616d00001e0213b3e37318a0c247b550bccd,Ed Sheeran,spotify:artist:6eUKZXaKkcviH0Ku9w2n3V,4849283,2014-06-21
GLOBAL,198,175,10,2020-12-17,7,7,4848954,STREAMS,MOVED_DOWN,10,2020-12-17,champagne problems,spotify:track:0sY6ZUTh4yoctD8VIXz339,https://i.scdn.co/image/ab67616d00001e0233b8541201f1ef38941024be,Taylor Swift,spotify:artist:06HL4z0CvFAxyc27GXpf02,4848954,2020-12-11
GLOBAL,199,185,37,2020-09-17,35,5,4833081,STREAMS,MOVED_DOWN,169,2020-05-28,Go Crazy,spotify:track:1IIKrJVP1C9N7iPtG6eOsK,https://i.scdn.co/image/ab67616d00001e0263e0ddbb488d0eeec0e738fc,"Chris Brown, Young Thug","spotify:artist:7bXgB6jMjp9ATFy66eO08Z, spotify:artist:50co4Is1HCEo8bhOyUWKpn",4833081,2020-05-08
GLOBAL,200,-1,13,2018-04-26,31,1,4831514,STREAMS,RE_ENTRY,13,2018-04-26,Wake Me Up,spotify:track:0nrRP2bk19rLc0orkWPQk2,https://i.scdn.co/image/ab67616d00001e02e14f11f796cef9f9a82691a7,Avicii,spotify:artist:1vCWHaC5f2uS3yhpwWbIA6,4831514,2013-01-01
